image_name,decision
China_Drone_000061.jpg,segmentation_original
China_Drone_000062.jpg,segmentation_original
China_Drone_000136.jpg,segmentation_original
China_Drone_000237.jpg,segmentation_original
China_Drone_000286.jpg,segmentation_original
China_Drone_000404.jpg,segmentation_original
China_Drone_000451.jpg,detection
China_Drone_000487.jpg,segmentation_original
China_Drone_000541.jpg,segmentation_original
China_Drone_000690.jpg,segmentation_original
China_Drone_000764.jpg,segmentation_original
China_Drone_000839.jpg,segmentation_original
China_Drone_000955.jpg,segmentation_original
China_Drone_001045.jpg,segmentation_original
China_Drone_001067.jpg,nothing
China_Drone_001287.jpg,segmentation_original
China_Drone_001340.jpg,nothing
China_Drone_001401.jpg,segmentation_original
China_Drone_001511.jpg,nothing
China_Drone_001531.jpg,segmentation_original
China_Drone_001536.jpg,segmentation_original
China_Drone_001628.jpg,segmentation_original
China_Drone_001714.jpg,nothing
China_Drone_001732.jpg,segmentation_original
China_Drone_001854.jpg,segmentation_original
China_Drone_001990.jpg,segmentation_original
China_Drone_002007.jpg,nothing
China_Drone_002132.jpg,segmentation_cleaned
China_Drone_002137.jpg,nothing
China_Drone_002143.jpg,segmentation_original
China_Drone_002144.jpg,nothing
China_Drone_002145.jpg,nothing
China_Drone_002189.jpg,nothing
China_Drone_002190.jpg,nothing
China_Drone_002245.jpg,segmentation_cleaned
China_Drone_002268.jpg,nothing
China_Drone_002372.jpg,nothing
China_MotorBike_000001.jpg,segmentation_original
China_MotorBike_000004.jpg,nothing
China_MotorBike_000007.jpg,nothing
China_MotorBike_000047.jpg,segmentation_original
China_MotorBike_000050.jpg,segmentation_original
China_MotorBike_000078.jpg,nothing
China_MotorBike_000091.jpg,segmentation_cleaned
China_MotorBike_000150.jpg,segmentation_original
China_MotorBike_000195.jpg,segmentation_cleaned
China_MotorBike_000210.jpg,segmentation_original
China_MotorBike_000296.jpg,segmentation_cleaned
China_MotorBike_000304.jpg,segmentation_original
China_MotorBike_000337.jpg,segmentation_original
China_MotorBike_000343.jpg,nothing
China_MotorBike_000355.jpg,segmentation_original
China_MotorBike_000357.jpg,nothing
China_MotorBike_000419.jpg,segmentation_cleaned
China_MotorBike_000448.jpg,nothing
China_MotorBike_000473.jpg,segmentation_original
China_MotorBike_000495.jpg,nothing
China_MotorBike_000518.jpg,segmentation_original
China_MotorBike_000542.jpg,segmentation_original
China_MotorBike_000552.jpg,segmentation_original
China_MotorBike_000553.jpg,nothing
China_MotorBike_000567.jpg,nothing
China_MotorBike_000582.jpg,segmentation_original
China_MotorBike_000690.jpg,nothing
China_MotorBike_000781.jpg,segmentation_original
China_MotorBike_000801.jpg,nothing
China_MotorBike_000854.jpg,segmentation_original
China_MotorBike_000957.jpg,segmentation_original
China_MotorBike_000971.jpg,segmentation_original
China_MotorBike_001002.jpg,segmentation_original
China_MotorBike_001033.jpg,segmentation_cleaned
China_MotorBike_001041.jpg,segmentation_original
China_MotorBike_001047.jpg,segmentation_original
China_MotorBike_001059.jpg,segmentation_cleaned
China_MotorBike_001090.jpg,nothing
China_MotorBike_001107.jpg,nothing
China_MotorBike_001139.jpg,nothing
China_MotorBike_001152.jpg,nothing
China_MotorBike_001189.jpg,segmentation_original
China_MotorBike_001293.jpg,segmentation_original
China_MotorBike_001300.jpg,segmentation_original
China_MotorBike_001307.jpg,segmentation_original
China_MotorBike_001340.jpg,segmentation_original
China_MotorBike_001350.jpg,segmentation_cleaned
China_MotorBike_001395.jpg,segmentation_cleaned
China_MotorBike_001424.jpg,segmentation_cleaned
China_MotorBike_001437.jpg,segmentation_original
China_MotorBike_001452.jpg,segmentation_original
China_MotorBike_001516.jpg,segmentation_original
China_MotorBike_001520.jpg,segmentation_original
China_MotorBike_001521.jpg,segmentation_cleaned
China_MotorBike_001532.jpg,segmentation_cleaned
China_MotorBike_001537.jpg,nothing
China_MotorBike_001546.jpg,nothing
China_MotorBike_001550.jpg,nothing
China_MotorBike_001553.jpg,segmentation_original
China_MotorBike_001562.jpg,segmentation_original
China_MotorBike_001607.jpg,segmentation_original
China_MotorBike_001655.jpg,nothing
China_MotorBike_001681.jpg,segmentation_original
China_MotorBike_001726.jpg,segmentation_original
China_MotorBike_001735.jpg,nothing
China_MotorBike_001747.jpg,segmentation_original
China_MotorBike_001766.jpg,segmentation_original
China_MotorBike_001816.jpg,segmentation_original
China_MotorBike_001819.jpg,segmentation_original
China_MotorBike_001841.jpg,segmentation_original
China_MotorBike_001853.jpg,nothing
China_MotorBike_001876.jpg,segmentation_original
China_MotorBike_001888.jpg,nothing
China_MotorBike_001905.jpg,segmentation_cleaned
China_MotorBike_001924.jpg,segmentation_original
China_MotorBike_001925.jpg,segmentation_original
China_MotorBike_001965.jpg,segmentation_cleaned
Czech_000010.jpg,nothing
Czech_000037.jpg,segmentation_original
Czech_000064.jpg,segmentation_original
Czech_000083.jpg,segmentation_original
Czech_000108.jpg,nothing
Czech_000240.jpg,segmentation_original
Czech_000270.jpg,nothing
Czech_000341.jpg,nothing
Czech_000395.jpg,nothing
Czech_000406.jpg,segmentation_original
Czech_000512.jpg,segmentation_original
Czech_000595.jpg,nothing
Czech_000603.jpg,segmentation_original
Czech_000612.jpg,detection
Czech_000634.jpg,nothing
Czech_000729.jpg,segmentation_cleaned
Czech_000749.jpg,segmentation_original
Czech_000755.jpg,segmentation_original
Czech_000758.jpg,nothing
Czech_000762.jpg,segmentation_original
Czech_000792.jpg,segmentation_original
Czech_000814.jpg,segmentation_original
Czech_000836.jpg,segmentation_original
Czech_000853.jpg,segmentation_original
Czech_000881.jpg,segmentation_original
Czech_000904.jpg,segmentation_original
Czech_000920.jpg,detection
Czech_000937.jpg,detection
Czech_000973.jpg,nothing
Czech_000976.jpg,segmentation_original
Czech_000982.jpg,segmentation_original
Czech_001025.jpg,segmentation_original
Czech_001054.jpg,segmentation_original
Czech_001114.jpg,detection
Czech_001129.jpg,segmentation_original
Czech_001258.jpg,segmentation_original
Czech_001284.jpg,segmentation_original
Czech_001353.jpg,nothing
Czech_001495.jpg,segmentation_original
Czech_001512.jpg,nothing
Czech_001545.jpg,nothing
Czech_001554.jpg,segmentation_original
Czech_001673.jpg,segmentation_original
Czech_001740.jpg,segmentation_original
Czech_001811.jpg,segmentation_cleaned
Czech_001917.jpg,segmentation_original
Czech_001940.jpg,segmentation_original
Czech_001947.jpg,segmentation_cleaned
Czech_002009.jpg,nothing
Czech_002013.jpg,segmentation_original
Czech_002024.jpg,nothing
Czech_002058.jpg,segmentation_original
Czech_002063.jpg,nothing
Czech_002078.jpg,segmentation_original
Czech_002092.jpg,segmentation_original
Czech_002374.jpg,segmentation_original
Czech_002420.jpg,segmentation_original
Czech_002436.jpg,segmentation_cleaned
Czech_002444.jpg,nothing
Czech_002448.jpg,segmentation_original
Czech_002501.jpg,segmentation_original
Czech_002612.jpg,segmentation_original
Czech_002752.jpg,detection
Czech_002842.jpg,segmentation_original
Czech_002857.jpg,nothing
Czech_002866.jpg,segmentation_original
Czech_002942.jpg,nothing
Czech_002954.jpg,segmentation_cleaned
Czech_002978.jpg,segmentation_original
Czech_002980.jpg,segmentation_original
Czech_002993.jpg,segmentation_original
Czech_002998.jpg,nothing
Czech_003049.jpg,segmentation_original
Czech_003169.jpg,segmentation_original
Czech_003241.jpg,segmentation_original
Czech_003364.jpg,detection
Czech_003477.jpg,segmentation_original
Czech_003510.jpg,segmentation_original
Czech_003536.jpg,nothing
Czech_003537.jpg,segmentation_original
Czech_003560.jpg,segmentation_original
Czech_003564.jpg,nothing
Czech_003565.jpg,segmentation_original
Czech_003570.jpg,segmentation_original
Czech_003580.jpg,nothing
Czech_003584.jpg,segmentation_original
India_000017.jpg,nothing
India_000027.jpg,nothing
India_000043.jpg,segmentation_original
India_000061.jpg,segmentation_cleaned
India_000067.jpg,nothing
India_000071.jpg,segmentation_original
India_000081.jpg,segmentation_original
India_000103.jpg,nothing
India_000105.jpg,segmentation_original
India_000109.jpg,nothing
India_000126.jpg,segmentation_original
India_000128.jpg,segmentation_cleaned
India_000131.jpg,nothing
India_000261.jpg,nothing
India_000268.jpg,segmentation_original
India_000317.jpg,segmentation_cleaned
India_000320.jpg,segmentation_original
India_000361.jpg,segmentation_original
India_000367.jpg,segmentation_original
India_000368.jpg,segmentation_original
India_000373.jpg,nothing
India_000383.jpg,nothing
India_000384.jpg,nothing
India_000389.jpg,segmentation_original
India_000391.jpg,segmentation_original
India_000399.jpg,segmentation_original
India_000402.jpg,nothing
India_000431.jpg,nothing
India_000456.jpg,segmentation_original
India_000466.jpg,segmentation_original
India_000485.jpg,nothing
India_000517.jpg,nothing
India_000535.jpg,segmentation_original
India_000544.jpg,segmentation_original
India_000545.jpg,nothing
India_000557.jpg,nothing
India_000576.jpg,nothing
India_000579.jpg,nothing
India_000580.jpg,nothing
India_000586.jpg,segmentation_original
India_000590.jpg,nothing
India_000591.jpg,nothing
India_000595.jpg,nothing
India_000612.jpg,segmentation_original
India_000614.jpg,detection
India_000618.jpg,nothing
India_000627.jpg,detection
India_000628.jpg,nothing
India_000631.jpg,nothing
India_000646.jpg,segmentation_original
India_000652.jpg,nothing
India_000659.jpg,nothing
India_000669.jpg,nothing
India_000685.jpg,nothing
India_000705.jpg,nothing
India_000710.jpg,nothing
India_000731.jpg,segmentation_original
India_000735.jpg,segmentation_original
India_000744.jpg,nothing
India_000745.jpg,nothing
India_000747.jpg,segmentation_original
India_000756.jpg,segmentation_original
India_000759.jpg,nothing
India_000768.jpg,nothing
India_000808.jpg,segmentation_cleaned
India_000822.jpg,segmentation_original
India_000823.jpg,nothing
India_000825.jpg,detection
India_000848.jpg,nothing
India_000853.jpg,nothing
India_000862.jpg,segmentation_original
India_000864.jpg,nothing
India_000914.jpg,detection
India_000915.jpg,nothing
India_000921.jpg,nothing
India_000935.jpg,nothing
India_000942.jpg,segmentation_original
India_000945.jpg,nothing
India_000946.jpg,nothing
India_000969.jpg,nothing
India_000977.jpg,nothing
India_000979.jpg,segmentation_original
India_000981.jpg,segmentation_original
India_000994.jpg,nothing
India_000996.jpg,nothing
India_001005.jpg,nothing
India_001006.jpg,nothing
India_001007.jpg,detection
India_001012.jpg,detection
India_001049.jpg,segmentation_original
India_001053.jpg,detection
India_001058.jpg,nothing
India_001069.jpg,nothing
India_001105.jpg,nothing
India_001114.jpg,segmentation_original
India_001122.jpg,segmentation_original
India_001134.jpg,nothing
India_001135.jpg,segmentation_original
India_001137.jpg,segmentation_original
India_001145.jpg,segmentation_original
India_001168.jpg,nothing
India_001174.jpg,segmentation_original
India_001176.jpg,nothing
India_001180.jpg,nothing
India_001194.jpg,segmentation_original
India_001225.jpg,nothing
India_001246.jpg,nothing
India_001251.jpg,segmentation_original
India_001254.jpg,segmentation_original
India_001262.jpg,nothing
India_001275.jpg,segmentation_original
India_001287.jpg,segmentation_original
India_001314.jpg,segmentation_original
India_001338.jpg,nothing
India_001367.jpg,nothing
India_001381.jpg,nothing
India_001392.jpg,nothing
India_001407.jpg,nothing
India_001419.jpg,detection
India_001441.jpg,nothing
India_001453.jpg,segmentation_original
India_001475.jpg,nothing
India_001480.jpg,nothing
India_001489.jpg,segmentation_original
India_001491.jpg,nothing
India_001507.jpg,nothing
India_001524.jpg,nothing
India_001526.jpg,nothing
India_001551.jpg,segmentation_original
India_001552.jpg,segmentation_original
India_001553.jpg,nothing
India_001561.jpg,nothing
India_001566.jpg,nothing
India_001575.jpg,nothing
India_001585.jpg,nothing
India_001588.jpg,nothing
India_001596.jpg,nothing
India_001604.jpg,segmentation_original
India_001605.jpg,nothing
India_001620.jpg,nothing
India_001684.jpg,nothing
India_001687.jpg,segmentation_original
India_001689.jpg,nothing
India_001692.jpg,segmentation_original
India_001697.jpg,segmentation_original
India_001708.jpg,nothing
India_001717.jpg,nothing
India_001737.jpg,segmentation_cleaned
India_001787.jpg,nothing
India_001798.jpg,nothing
India_001809.jpg,nothing
India_001815.jpg,nothing
India_001821.jpg,nothing
India_001831.jpg,nothing
India_001852.jpg,nothing
India_001854.jpg,nothing
India_001865.jpg,nothing
India_001866.jpg,nothing
India_001872.jpg,detection
India_001887.jpg,nothing
India_001890.jpg,segmentation_original
India_001900.jpg,segmentation_original
India_001904.jpg,nothing
India_001907.jpg,nothing
India_001925.jpg,segmentation_original
India_001932.jpg,detection
India_001939.jpg,nothing
India_001967.jpg,segmentation_original
India_001969.jpg,nothing
India_001983.jpg,nothing
India_001984.jpg,segmentation_original
India_002010.jpg,detection
India_002047.jpg,nothing
India_002048.jpg,nothing
India_002066.jpg,segmentation_original
India_002070.jpg,segmentation_original
India_002082.jpg,nothing
India_002087.jpg,nothing
India_002089.jpg,nothing
India_002098.jpg,nothing
India_002112.jpg,nothing
India_002114.jpg,segmentation_original
India_002122.jpg,segmentation_cleaned
India_002133.jpg,nothing
India_002135.jpg,detection
India_002148.jpg,nothing
India_002154.jpg,nothing
India_002200.jpg,nothing
India_002201.jpg,segmentation_original
India_002248.jpg,nothing
India_002250.jpg,detection
India_002305.jpg,nothing
India_002318.jpg,nothing
India_002319.jpg,nothing
India_002331.jpg,nothing
India_002340.jpg,nothing
India_002341.jpg,segmentation_original
India_002363.jpg,segmentation_original
India_002376.jpg,segmentation_original
India_002390.jpg,segmentation_original
India_002404.jpg,nothing
India_002410.jpg,nothing
India_002419.jpg,detection
India_002428.jpg,nothing
India_002459.jpg,nothing
India_002487.jpg,nothing
India_002509.jpg,segmentation_original
India_002523.jpg,segmentation_original
India_002549.jpg,nothing
India_002563.jpg,nothing
India_002570.jpg,segmentation_original
India_002573.jpg,nothing
India_002591.jpg,nothing
India_002642.jpg,segmentation_original
India_002664.jpg,nothing
India_002665.jpg,nothing
India_002667.jpg,nothing
India_002678.jpg,detection
India_002681.jpg,nothing
India_002702.jpg,detection
India_002714.jpg,detection
India_002735.jpg,nothing
India_002771.jpg,segmentation_original
India_002772.jpg,segmentation_cleaned
India_002775.jpg,nothing
India_002777.jpg,nothing
India_002810.jpg,segmentation_original
India_002832.jpg,nothing
India_002843.jpg,nothing
India_002871.jpg,nothing
India_002875.jpg,nothing
India_002877.jpg,segmentation_cleaned
India_002880.jpg,nothing
India_002881.jpg,nothing
India_002889.jpg,nothing
India_002903.jpg,nothing
India_002921.jpg,segmentation_original
India_002939.jpg,nothing
India_002945.jpg,nothing
India_002946.jpg,segmentation_original
India_002960.jpg,nothing
India_002973.jpg,nothing
India_002976.jpg,segmentation_original
India_002978.jpg,detection
India_002995.jpg,nothing
India_003011.jpg,nothing
India_003018.jpg,nothing
India_003028.jpg,nothing
India_003029.jpg,detection
India_003033.jpg,nothing
India_003057.jpg,nothing
India_003063.jpg,nothing
India_003079.jpg,segmentation_original
India_003083.jpg,segmentation_original
India_003087.jpg,segmentation_original
India_003102.jpg,detection
India_003103.jpg,nothing
India_003110.jpg,nothing
India_003118.jpg,segmentation_original
India_003120.jpg,nothing
India_003151.jpg,nothing
India_003152.jpg,nothing
India_003161.jpg,nothing
India_003168.jpg,nothing
India_003171.jpg,segmentation_original
India_003186.jpg,nothing
India_003214.jpg,nothing
India_003217.jpg,nothing
India_003228.jpg,nothing
India_003239.jpg,nothing
India_003278.jpg,nothing
India_003318.jpg,nothing
India_003334.jpg,nothing
India_003353.jpg,nothing
India_003365.jpg,nothing
India_003368.jpg,nothing
India_003373.jpg,nothing
India_003376.jpg,nothing
India_003384.jpg,nothing
India_003391.jpg,segmentation_original
India_003412.jpg,nothing
India_003422.jpg,nothing
India_003424.jpg,detection
India_003426.jpg,nothing
India_003431.jpg,segmentation_cleaned
India_003433.jpg,segmentation_original
India_003446.jpg,nothing
India_003502.jpg,segmentation_original
India_003535.jpg,nothing
India_003542.jpg,segmentation_cleaned
India_003547.jpg,nothing
India_003556.jpg,segmentation_original
India_003576.jpg,nothing
India_003609.jpg,nothing
India_003610.jpg,nothing
India_003619.jpg,nothing
India_003660.jpg,nothing
India_003697.jpg,nothing
India_003700.jpg,nothing
India_003702.jpg,segmentation_cleaned
India_003704.jpg,segmentation_cleaned
India_003710.jpg,segmentation_original
India_003722.jpg,nothing
India_003761.jpg,segmentation_original
India_003764.jpg,nothing
India_003778.jpg,nothing
India_003795.jpg,nothing
India_003805.jpg,segmentation_original
India_003864.jpg,nothing
India_003865.jpg,segmentation_original
India_003879.jpg,nothing
India_003909.jpg,segmentation_original
India_003923.jpg,nothing
India_003926.jpg,segmentation_original
India_003939.jpg,segmentation_original
India_003973.jpg,nothing
India_003975.jpg,nothing
India_004003.jpg,nothing
India_004022.jpg,nothing
India_004033.jpg,segmentation_cleaned
India_004043.jpg,nothing
India_004060.jpg,detection
India_004065.jpg,nothing
India_004100.jpg,nothing
India_004104.jpg,nothing
India_004107.jpg,segmentation_cleaned
India_004110.jpg,segmentation_cleaned
India_004116.jpg,nothing
India_004126.jpg,segmentation_original
India_004132.jpg,segmentation_original
India_004143.jpg,nothing
India_004181.jpg,segmentation_original
India_004196.jpg,nothing
India_004208.jpg,nothing
India_004209.jpg,nothing
India_004253.jpg,detection
India_004256.jpg,nothing
India_004263.jpg,nothing
India_004293.jpg,detection
India_004299.jpg,segmentation_original
India_004320.jpg,nothing
India_004321.jpg,nothing
India_004338.jpg,nothing
India_004340.jpg,nothing
India_004343.jpg,nothing
India_004345.jpg,nothing
India_004365.jpg,segmentation_original
India_004385.jpg,nothing
India_004387.jpg,nothing
India_004392.jpg,segmentation_original
India_004398.jpg,detection
India_004403.jpg,segmentation_original
India_004414.jpg,segmentation_original
India_004430.jpg,segmentation_original
India_004444.jpg,segmentation_original
India_004461.jpg,segmentation_cleaned
India_004472.jpg,nothing
India_004483.jpg,nothing
India_004485.jpg,nothing
India_004525.jpg,nothing
India_004551.jpg,nothing
India_004553.jpg,nothing
India_004586.jpg,nothing
India_004593.jpg,nothing
India_004600.jpg,segmentation_original
India_004606.jpg,segmentation_original
India_004613.jpg,nothing
India_004626.jpg,detection
India_004627.jpg,segmentation_original
India_004629.jpg,nothing
India_004633.jpg,nothing
India_004655.jpg,nothing
India_004663.jpg,nothing
India_004669.jpg,detection
India_004695.jpg,nothing
India_004701.jpg,nothing
India_004705.jpg,segmentation_original
India_004706.jpg,segmentation_original
India_004717.jpg,segmentation_cleaned
India_004719.jpg,nothing
India_004724.jpg,nothing
India_004726.jpg,nothing
India_004739.jpg,segmentation_original
India_004749.jpg,nothing
India_004755.jpg,segmentation_cleaned
India_004759.jpg,segmentation_cleaned
India_004801.jpg,nothing
India_004828.jpg,segmentation_original
India_004832.jpg,nothing
India_004854.jpg,nothing
India_004865.jpg,nothing
India_004876.jpg,nothing
India_004894.jpg,nothing
India_004899.jpg,nothing
India_004940.jpg,nothing
India_004959.jpg,segmentation_original
India_004984.jpg,nothing
India_005016.jpg,nothing
India_005022.jpg,segmentation_original
India_005044.jpg,segmentation_original
India_005047.jpg,segmentation_original
India_005067.jpg,segmentation_original
India_005071.jpg,segmentation_original
India_005088.jpg,segmentation_original
India_005122.jpg,segmentation_original
India_005124.jpg,segmentation_original
India_005135.jpg,nothing
India_005152.jpg,detection
India_005163.jpg,segmentation_original
India_005231.jpg,nothing
India_005245.jpg,detection
India_005266.jpg,nothing
India_005285.jpg,nothing
India_005289.jpg,nothing
India_005298.jpg,nothing
India_005305.jpg,segmentation_cleaned
India_005314.jpg,nothing
India_005350.jpg,nothing
India_005351.jpg,nothing
India_005372.jpg,segmentation_original
India_005397.jpg,nothing
India_005402.jpg,segmentation_original
India_005420.jpg,nothing
India_005421.jpg,nothing
India_005446.jpg,nothing
India_005455.jpg,nothing
India_005467.jpg,nothing
India_005486.jpg,segmentation_original
India_005490.jpg,detection
India_005496.jpg,nothing
India_005510.jpg,segmentation_original
India_005519.jpg,segmentation_original
India_005526.jpg,segmentation_original
India_005543.jpg,segmentation_original
India_005546.jpg,detection
India_005550.jpg,nothing
India_005559.jpg,nothing
India_005564.jpg,nothing
India_005601.jpg,segmentation_original
India_005603.jpg,nothing
India_005611.jpg,nothing
India_005612.jpg,segmentation_original
India_005621.jpg,nothing
India_005643.jpg,segmentation_original
India_005655.jpg,segmentation_original
India_005656.jpg,nothing
India_005661.jpg,detection
India_005704.jpg,nothing
India_005713.jpg,detection
India_005717.jpg,nothing
India_005724.jpg,segmentation_original
India_005760.jpg,nothing
India_005761.jpg,segmentation_original
India_005762.jpg,nothing
India_005774.jpg,nothing
India_005777.jpg,segmentation_cleaned
India_005781.jpg,nothing
India_005797.jpg,segmentation_original
India_005801.jpg,nothing
India_005810.jpg,segmentation_original
India_005856.jpg,segmentation_original
India_005884.jpg,nothing
India_005886.jpg,segmentation_original
India_005887.jpg,nothing
India_005895.jpg,segmentation_original
India_005938.jpg,nothing
India_005962.jpg,segmentation_original
India_005993.jpg,nothing
India_006004.jpg,nothing
India_006031.jpg,nothing
India_006076.jpg,detection
India_006095.jpg,nothing
India_006103.jpg,nothing
India_006109.jpg,nothing
India_006132.jpg,segmentation_original
India_006137.jpg,nothing
India_006167.jpg,nothing
India_006177.jpg,nothing
India_006202.jpg,nothing
India_006237.jpg,nothing
India_006239.jpg,segmentation_original
India_006250.jpg,segmentation_original
India_006274.jpg,nothing
India_006275.jpg,nothing
India_006290.jpg,nothing
India_006305.jpg,segmentation_original
India_006316.jpg,nothing
India_006320.jpg,nothing
India_006322.jpg,nothing
India_006325.jpg,nothing
India_006327.jpg,nothing
India_006339.jpg,nothing
India_006342.jpg,segmentation_original
India_006362.jpg,segmentation_original
India_006364.jpg,nothing
India_006369.jpg,nothing
India_006378.jpg,nothing
India_006382.jpg,segmentation_original
India_006406.jpg,nothing
India_006411.jpg,nothing
India_006450.jpg,nothing
India_006466.jpg,segmentation_original
India_006473.jpg,nothing
India_006474.jpg,nothing
India_006476.jpg,segmentation_original
India_006502.jpg,segmentation_original
India_006524.jpg,segmentation_cleaned
India_006529.jpg,nothing
India_006530.jpg,nothing
India_006532.jpg,nothing
India_006536.jpg,nothing
India_006544.jpg,nothing
India_006549.jpg,segmentation_cleaned
India_006580.jpg,segmentation_original
India_006593.jpg,segmentation_original
India_006619.jpg,nothing
India_006622.jpg,nothing
India_006630.jpg,segmentation_original
India_006633.jpg,nothing
India_006634.jpg,nothing
India_006640.jpg,nothing
India_006670.jpg,segmentation_original
India_006672.jpg,segmentation_cleaned
India_006677.jpg,segmentation_original
India_006691.jpg,segmentation_original
India_006697.jpg,nothing
India_006699.jpg,detection
India_006710.jpg,nothing
India_006713.jpg,detection
India_006714.jpg,segmentation_original
India_006760.jpg,segmentation_original
India_006767.jpg,segmentation_cleaned
India_006768.jpg,nothing
India_006794.jpg,segmentation_original
India_006808.jpg,segmentation_original
India_006845.jpg,segmentation_original
India_006862.jpg,nothing
India_006883.jpg,detection
India_006912.jpg,nothing
India_006920.jpg,segmentation_original
India_006928.jpg,segmentation_original
India_006938.jpg,segmentation_original
India_006962.jpg,segmentation_original
India_006970.jpg,segmentation_original
India_006999.jpg,detection
India_007002.jpg,segmentation_original
India_007042.jpg,segmentation_original
India_007051.jpg,segmentation_cleaned
India_007101.jpg,nothing
India_007113.jpg,segmentation_original
India_007147.jpg,nothing
India_007153.jpg,nothing
India_007159.jpg,nothing
India_007172.jpg,segmentation_original
India_007175.jpg,segmentation_original
India_007189.jpg,segmentation_original
India_007198.jpg,detection
India_007204.jpg,segmentation_cleaned
India_007226.jpg,segmentation_original
India_007246.jpg,nothing
India_007281.jpg,segmentation_original
India_007299.jpg,segmentation_original
India_007308.jpg,segmentation_original
India_007309.jpg,segmentation_original
India_007321.jpg,segmentation_cleaned
India_007327.jpg,nothing
India_007329.jpg,nothing
India_007342.jpg,nothing
India_007343.jpg,segmentation_original
India_007357.jpg,nothing
India_007371.jpg,segmentation_original
India_007383.jpg,nothing
India_007390.jpg,segmentation_original
India_007399.jpg,segmentation_original
India_007404.jpg,segmentation_original
India_007432.jpg,segmentation_original
India_007474.jpg,nothing
India_007529.jpg,nothing
India_007530.jpg,nothing
India_007572.jpg,nothing
India_007578.jpg,detection
India_007584.jpg,segmentation_cleaned
India_007592.jpg,nothing
India_007604.jpg,segmentation_original
India_007611.jpg,nothing
India_007628.jpg,detection
India_007629.jpg,segmentation_original
India_007637.jpg,nothing
India_007642.jpg,detection
India_007644.jpg,nothing
India_007650.jpg,nothing
India_007651.jpg,nothing
India_007713.jpg,nothing
India_007716.jpg,nothing
India_007722.jpg,detection
India_007734.jpg,segmentation_original
India_007740.jpg,nothing
India_007745.jpg,nothing
India_007785.jpg,nothing
India_007791.jpg,nothing
India_007852.jpg,nothing
India_007863.jpg,nothing
India_007880.jpg,segmentation_original
India_007890.jpg,nothing
India_007900.jpg,segmentation_original
India_007909.jpg,segmentation_original
India_007954.jpg,segmentation_original
India_007955.jpg,segmentation_original
India_007962.jpg,segmentation_original
India_007974.jpg,segmentation_cleaned
India_007981.jpg,segmentation_cleaned
India_007989.jpg,segmentation_original
India_007991.jpg,nothing
India_008004.jpg,segmentation_original
India_008013.jpg,nothing
India_008015.jpg,nothing
India_008016.jpg,segmentation_original
India_008017.jpg,nothing
India_008022.jpg,segmentation_cleaned
India_008029.jpg,nothing
India_008034.jpg,nothing
India_008035.jpg,segmentation_original
India_008037.jpg,segmentation_original
India_008064.jpg,segmentation_original
India_008084.jpg,detection
India_008099.jpg,nothing
India_008116.jpg,nothing
India_008127.jpg,nothing
India_008139.jpg,detection
India_008157.jpg,detection
India_008163.jpg,segmentation_cleaned
India_008188.jpg,nothing
India_008207.jpg,nothing
India_008224.jpg,nothing
India_008227.jpg,nothing
India_008241.jpg,nothing
India_008244.jpg,detection
India_008250.jpg,detection
India_008267.jpg,segmentation_cleaned
India_008292.jpg,detection
India_008297.jpg,nothing
India_008304.jpg,detection
India_008327.jpg,segmentation_cleaned
India_008367.jpg,nothing
India_008378.jpg,nothing
India_008383.jpg,nothing
India_008386.jpg,nothing
India_008389.jpg,nothing
India_008390.jpg,nothing
India_008400.jpg,detection
India_008440.jpg,detection
India_008446.jpg,segmentation_original
India_008475.jpg,detection
India_008479.jpg,nothing
India_008503.jpg,nothing
India_008505.jpg,nothing
India_008511.jpg,nothing
India_008512.jpg,segmentation_original
India_008548.jpg,nothing
India_008557.jpg,segmentation_original
India_008563.jpg,nothing
India_008576.jpg,segmentation_cleaned
India_008597.jpg,nothing
India_008627.jpg,nothing
India_008632.jpg,segmentation_original
India_008636.jpg,nothing
India_008661.jpg,segmentation_cleaned
India_008670.jpg,segmentation_original
India_008673.jpg,segmentation_cleaned
India_008677.jpg,segmentation_original
India_008698.jpg,segmentation_original
India_008701.jpg,nothing
India_008726.jpg,segmentation_original
India_008749.jpg,detection
India_008762.jpg,nothing
India_008771.jpg,segmentation_cleaned
India_008772.jpg,segmentation_original
India_008807.jpg,segmentation_original
India_008819.jpg,nothing
India_008826.jpg,detection
India_008870.jpg,nothing
India_008915.jpg,nothing
India_008925.jpg,nothing
India_008926.jpg,detection
India_008927.jpg,nothing
India_008933.jpg,nothing
India_008942.jpg,nothing
India_008944.jpg,nothing
India_008950.jpg,segmentation_original
India_008957.jpg,nothing
India_008963.jpg,nothing
India_008969.jpg,segmentation_original
India_009001.jpg,nothing
India_009009.jpg,nothing
India_009011.jpg,segmentation_original
India_009065.jpg,segmentation_original
India_009071.jpg,segmentation_original
India_009080.jpg,nothing
India_009097.jpg,nothing
India_009100.jpg,nothing
India_009122.jpg,segmentation_original
India_009123.jpg,nothing
India_009129.jpg,nothing
India_009142.jpg,nothing
India_009157.jpg,nothing
India_009161.jpg,nothing
India_009171.jpg,segmentation_cleaned
India_009173.jpg,nothing
India_009177.jpg,segmentation_original
India_009185.jpg,segmentation_original
India_009213.jpg,nothing
India_009225.jpg,segmentation_original
India_009226.jpg,nothing
India_009245.jpg,nothing
India_009249.jpg,nothing
India_009251.jpg,segmentation_cleaned
India_009268.jpg,segmentation_cleaned
India_009272.jpg,segmentation_original
India_009279.jpg,nothing
India_009303.jpg,nothing
India_009318.jpg,segmentation_original
India_009329.jpg,nothing
India_009339.jpg,nothing
India_009377.jpg,segmentation_original
India_009380.jpg,segmentation_cleaned
India_009392.jpg,detection
India_009397.jpg,nothing
India_009430.jpg,nothing
India_009434.jpg,nothing
India_009435.jpg,nothing
India_009436.jpg,nothing
India_009455.jpg,nothing
India_009478.jpg,segmentation_original
India_009510.jpg,segmentation_cleaned
India_009517.jpg,segmentation_cleaned
India_009528.jpg,nothing
India_009536.jpg,nothing
India_009544.jpg,segmentation_cleaned
India_009553.jpg,segmentation_original
India_009573.jpg,nothing
India_009581.jpg,segmentation_original
India_009593.jpg,segmentation_original
India_009603.jpg,nothing
India_009619.jpg,segmentation_cleaned
India_009630.jpg,segmentation_original
India_009633.jpg,segmentation_original
India_009667.jpg,nothing
India_009678.jpg,nothing
India_009688.jpg,segmentation_original
India_009742.jpg,segmentation_original
India_009748.jpg,nothing
India_009763.jpg,nothing
India_009765.jpg,segmentation_original
India_009826.jpg,nothing
India_009832.jpg,segmentation_cleaned
India_009836.jpg,nothing
India_009869.jpg,nothing
India_009881.jpg,nothing
India_009890.jpg,nothing
Japan_000000.jpg,nothing
Japan_000013.jpg,segmentation_cleaned
Japan_000023.jpg,segmentation_original
Japan_000087.jpg,nothing
Japan_000129.jpg,detection
Japan_000166.jpg,nothing
Japan_000172.jpg,segmentation_cleaned
Japan_000187.jpg,segmentation_original
Japan_000270.jpg,segmentation_original
Japan_000290.jpg,segmentation_cleaned
Japan_000302.jpg,segmentation_original
Japan_000341.jpg,segmentation_original
Japan_000363.jpg,segmentation_original
Japan_000369.jpg,detection
Japan_000389.jpg,segmentation_cleaned
Japan_000413.jpg,segmentation_original
Japan_000423.jpg,segmentation_original
Japan_000425.jpg,segmentation_original
Japan_000446.jpg,segmentation_original
Japan_000526.jpg,segmentation_cleaned
Japan_000552.jpg,segmentation_original
Japan_000566.jpg,segmentation_cleaned
Japan_000574.jpg,segmentation_original
Japan_000578.jpg,segmentation_original
Japan_000598.jpg,segmentation_cleaned
Japan_000605.jpg,nothing
Japan_000616.jpg,nothing
Japan_000623.jpg,segmentation_original
Japan_000644.jpg,segmentation_original
Japan_000662.jpg,detection
Japan_000666.jpg,nothing
Japan_000683.jpg,segmentation_original
Japan_000727.jpg,segmentation_original
Japan_000743.jpg,segmentation_cleaned
Japan_000788.jpg,segmentation_original
Japan_000790.jpg,segmentation_original
Japan_000800.jpg,segmentation_original
Japan_000802.jpg,segmentation_cleaned
Japan_000809.jpg,segmentation_original
Japan_000825.jpg,segmentation_original
Japan_000836.jpg,segmentation_original
Japan_000840.jpg,segmentation_original
Japan_000874.jpg,segmentation_original
Japan_000881.jpg,segmentation_original
Japan_000902.jpg,segmentation_original
Japan_000924.jpg,segmentation_cleaned
Japan_000934.jpg,segmentation_original
Japan_000950.jpg,segmentation_cleaned
Japan_000958.jpg,segmentation_original
Japan_000987.jpg,segmentation_cleaned
Japan_000994.jpg,nothing
Japan_001009.jpg,segmentation_original
Japan_001027.jpg,segmentation_original
Japan_001077.jpg,segmentation_cleaned
Japan_001098.jpg,segmentation_original
Japan_001117.jpg,segmentation_original
Japan_001131.jpg,nothing
Japan_001166.jpg,segmentation_original
Japan_001175.jpg,segmentation_cleaned
Japan_001180.jpg,segmentation_original
Japan_001208.jpg,segmentation_original
Japan_001215.jpg,nothing
Japan_001228.jpg,segmentation_original
Japan_001241.jpg,segmentation_original
Japan_001247.jpg,segmentation_original
Japan_001257.jpg,segmentation_original
Japan_001301.jpg,nothing
Japan_001303.jpg,segmentation_cleaned
Japan_001319.jpg,segmentation_cleaned
Japan_001338.jpg,segmentation_original
Japan_001362.jpg,segmentation_cleaned
Japan_001420.jpg,segmentation_original
Japan_001435.jpg,segmentation_original
Japan_001469.jpg,segmentation_original
Japan_001471.jpg,segmentation_cleaned
Japan_001477.jpg,segmentation_original
Japan_001503.jpg,segmentation_cleaned
Japan_001526.jpg,segmentation_original
Japan_001541.jpg,segmentation_original
Japan_001546.jpg,segmentation_original
Japan_001566.jpg,segmentation_original
Japan_001611.jpg,segmentation_original
Japan_001613.jpg,segmentation_cleaned
Japan_001637.jpg,segmentation_original
Japan_001638.jpg,segmentation_cleaned
Japan_001647.jpg,segmentation_original
Japan_001649.jpg,segmentation_original
Japan_001660.jpg,segmentation_cleaned
Japan_001667.jpg,segmentation_original
Japan_001678.jpg,segmentation_original
Japan_001680.jpg,segmentation_original
Japan_001685.jpg,nothing
Japan_001710.jpg,segmentation_original
Japan_001724.jpg,segmentation_cleaned
Japan_001725.jpg,segmentation_original
Japan_001749.jpg,segmentation_original
Japan_001765.jpg,segmentation_original
Japan_001802.jpg,nothing
Japan_001814.jpg,segmentation_original
Japan_001859.jpg,segmentation_cleaned
Japan_001861.jpg,segmentation_original
Japan_001867.jpg,segmentation_cleaned
Japan_001888.jpg,segmentation_cleaned
Japan_001898.jpg,segmentation_original
Japan_001909.jpg,segmentation_cleaned
Japan_001921.jpg,nothing
Japan_001984.jpg,segmentation_cleaned
Japan_002003.jpg,segmentation_original
Japan_002074.jpg,nothing
Japan_002120.jpg,segmentation_original
Japan_002124.jpg,segmentation_cleaned
Japan_002153.jpg,segmentation_cleaned
Japan_002154.jpg,segmentation_cleaned
Japan_002208.jpg,segmentation_original
Japan_002222.jpg,segmentation_original
Japan_002239.jpg,segmentation_original
Japan_002240.jpg,segmentation_cleaned
Japan_002295.jpg,segmentation_original
Japan_002319.jpg,segmentation_cleaned
Japan_002358.jpg,segmentation_original
Japan_002362.jpg,segmentation_cleaned
Japan_002365.jpg,segmentation_cleaned
Japan_002377.jpg,segmentation_cleaned
Japan_002396.jpg,segmentation_cleaned
Japan_002420.jpg,segmentation_original
Japan_002438.jpg,nothing
Japan_002453.jpg,nothing
Japan_002496.jpg,segmentation_original
Japan_002498.jpg,nothing
Japan_002510.jpg,segmentation_original
Japan_002546.jpg,segmentation_original
Japan_002554.jpg,segmentation_original
Japan_002606.jpg,segmentation_cleaned
Japan_002614.jpg,segmentation_cleaned
Japan_002615.jpg,segmentation_cleaned
Japan_002622.jpg,segmentation_original
Japan_002623.jpg,nothing
Japan_002634.jpg,segmentation_cleaned
Japan_002665.jpg,segmentation_original
Japan_002688.jpg,segmentation_original
Japan_002689.jpg,segmentation_cleaned
Japan_002690.jpg,nothing
Japan_002705.jpg,segmentation_cleaned
Japan_002727.jpg,segmentation_original
Japan_002772.jpg,segmentation_original
Japan_002785.jpg,segmentation_original
Japan_002793.jpg,segmentation_original
Japan_002795.jpg,segmentation_cleaned
Japan_002816.jpg,segmentation_original
Japan_002836.jpg,nothing
Japan_002867.jpg,segmentation_original
Japan_002873.jpg,nothing
Japan_002902.jpg,segmentation_original
Japan_002917.jpg,segmentation_original
Japan_002962.jpg,segmentation_original
Japan_002996.jpg,segmentation_cleaned
Japan_003004.jpg,nothing
Japan_003038.jpg,segmentation_original
Japan_003042.jpg,segmentation_original
Japan_003046.jpg,segmentation_cleaned
Japan_003074.jpg,nothing
Japan_003122.jpg,segmentation_original
Japan_003124.jpg,nothing
Japan_003153.jpg,segmentation_cleaned
Japan_003169.jpg,segmentation_original
Japan_003199.jpg,nothing
Japan_003222.jpg,nothing
Japan_003224.jpg,segmentation_original
Japan_003255.jpg,nothing
Japan_003303.jpg,segmentation_original
Japan_003333.jpg,segmentation_cleaned
Japan_003337.jpg,segmentation_original
Japan_003350.jpg,segmentation_cleaned
Japan_003389.jpg,nothing
Japan_003399.jpg,segmentation_cleaned
Japan_003451.jpg,segmentation_cleaned
Japan_003462.jpg,nothing
Japan_003469.jpg,segmentation_original
Japan_003471.jpg,segmentation_cleaned
Japan_003472.jpg,segmentation_original
Japan_003520.jpg,segmentation_cleaned
Japan_003523.jpg,segmentation_original
Japan_003548.jpg,segmentation_cleaned
Japan_003553.jpg,nothing
Japan_003585.jpg,nothing
Japan_003594.jpg,segmentation_cleaned
Japan_003605.jpg,segmentation_cleaned
Japan_003627.jpg,segmentation_original
Japan_003649.jpg,segmentation_original
Japan_003662.jpg,segmentation_original
Japan_003670.jpg,segmentation_original
Japan_003682.jpg,segmentation_cleaned
Japan_003690.jpg,segmentation_original
Japan_003770.jpg,nothing
Japan_003796.jpg,nothing
Japan_003800.jpg,segmentation_original
Japan_003815.jpg,segmentation_cleaned
Japan_003844.jpg,nothing
Japan_003858.jpg,segmentation_original
Japan_003865.jpg,segmentation_original
Japan_003881.jpg,segmentation_original
Japan_003911.jpg,segmentation_cleaned
Japan_003912.jpg,segmentation_cleaned
Japan_003917.jpg,segmentation_cleaned
Japan_003933.jpg,segmentation_cleaned
Japan_003956.jpg,segmentation_cleaned
Japan_003973.jpg,segmentation_original
Japan_003975.jpg,segmentation_original
Japan_003979.jpg,segmentation_original
Japan_004007.jpg,segmentation_original
Japan_004023.jpg,segmentation_original
Japan_004042.jpg,segmentation_cleaned
Japan_004056.jpg,segmentation_original
Japan_004062.jpg,segmentation_original
Japan_004075.jpg,segmentation_cleaned
Japan_004077.jpg,segmentation_cleaned
Japan_004081.jpg,segmentation_cleaned
Japan_004090.jpg,segmentation_original
Japan_004100.jpg,segmentation_original
Japan_004129.jpg,segmentation_original
Japan_004136.jpg,segmentation_cleaned
Japan_004173.jpg,segmentation_cleaned
Japan_004175.jpg,segmentation_cleaned
Japan_004179.jpg,segmentation_original
Japan_004195.jpg,segmentation_original
Japan_004209.jpg,segmentation_original
Japan_004217.jpg,segmentation_original
Japan_004218.jpg,segmentation_cleaned
Japan_004234.jpg,segmentation_original
Japan_004361.jpg,segmentation_original
Japan_004378.jpg,nothing
Japan_004423.jpg,segmentation_cleaned
Japan_004426.jpg,segmentation_cleaned
Japan_004440.jpg,nothing
Japan_004463.jpg,segmentation_original
Japan_004476.jpg,nothing
Japan_004481.jpg,nothing
Japan_004514.jpg,nothing
Japan_004563.jpg,segmentation_original
Japan_004586.jpg,segmentation_original
Japan_004604.jpg,segmentation_original
Japan_004623.jpg,segmentation_original
Japan_004646.jpg,segmentation_cleaned
Japan_004676.jpg,segmentation_cleaned
Japan_004689.jpg,segmentation_original
Japan_004716.jpg,segmentation_original
Japan_004720.jpg,segmentation_cleaned
Japan_004743.jpg,segmentation_original
Japan_004794.jpg,segmentation_original
Japan_004835.jpg,segmentation_cleaned
Japan_004853.jpg,segmentation_cleaned
Japan_004889.jpg,segmentation_cleaned
Japan_004905.jpg,segmentation_original
Japan_004908.jpg,segmentation_cleaned
Japan_004930.jpg,segmentation_original
Japan_004958.jpg,segmentation_original
Japan_004970.jpg,segmentation_original
Japan_004994.jpg,nothing
Japan_005013.jpg,segmentation_original
Japan_005047.jpg,nothing
Japan_005054.jpg,segmentation_original
Japan_005071.jpg,nothing
Japan_005088.jpg,segmentation_original
Japan_005099.jpg,segmentation_cleaned
Japan_005102.jpg,nothing
Japan_005134.jpg,nothing
Japan_005240.jpg,nothing
Japan_005264.jpg,nothing
Japan_005304.jpg,segmentation_original
Japan_005313.jpg,segmentation_original
Japan_005327.jpg,segmentation_original
Japan_005364.jpg,segmentation_original
Japan_005395.jpg,segmentation_cleaned
Japan_005403.jpg,segmentation_original
Japan_005410.jpg,segmentation_cleaned
Japan_005414.jpg,segmentation_original
Japan_005438.jpg,segmentation_original
Japan_005464.jpg,nothing
Japan_005510.jpg,segmentation_cleaned
Japan_005517.jpg,segmentation_original
Japan_005519.jpg,segmentation_original
Japan_005534.jpg,segmentation_cleaned
Japan_005536.jpg,segmentation_original
Japan_005566.jpg,segmentation_original
Japan_005582.jpg,segmentation_original
Japan_005587.jpg,segmentation_original
Japan_005599.jpg,segmentation_cleaned
Japan_005602.jpg,segmentation_original
Japan_005604.jpg,nothing
Japan_005622.jpg,segmentation_cleaned
Japan_005654.jpg,segmentation_original
Japan_005660.jpg,nothing
Japan_005666.jpg,segmentation_original
Japan_005687.jpg,segmentation_original
Japan_005696.jpg,segmentation_cleaned
Japan_005706.jpg,segmentation_original
Japan_005741.jpg,segmentation_cleaned
Japan_005762.jpg,nothing
Japan_005774.jpg,segmentation_cleaned
Japan_005804.jpg,segmentation_original
Japan_005828.jpg,segmentation_original
Japan_005838.jpg,segmentation_original
Japan_005869.jpg,nothing
Japan_005871.jpg,segmentation_original
Japan_005876.jpg,segmentation_original
Japan_005887.jpg,detection
Japan_005911.jpg,segmentation_cleaned
Japan_005968.jpg,nothing
Japan_005981.jpg,segmentation_original
Japan_005982.jpg,segmentation_original
Japan_005999.jpg,segmentation_original
Japan_006011.jpg,segmentation_cleaned
Japan_006035.jpg,segmentation_original
Japan_006086.jpg,segmentation_original
Japan_006103.jpg,nothing
Japan_006104.jpg,segmentation_cleaned
Japan_006133.jpg,nothing
Japan_006174.jpg,nothing
Japan_006175.jpg,nothing
Japan_006182.jpg,segmentation_original
Japan_006216.jpg,nothing
Japan_006227.jpg,segmentation_original
Japan_006243.jpg,segmentation_original
Japan_006260.jpg,segmentation_original
Japan_006262.jpg,segmentation_original
Japan_006272.jpg,segmentation_original
Japan_006287.jpg,segmentation_cleaned
Japan_006300.jpg,segmentation_cleaned
Japan_006318.jpg,segmentation_cleaned
Japan_006324.jpg,segmentation_original
Japan_006331.jpg,segmentation_original
Japan_006345.jpg,segmentation_cleaned
Japan_006354.jpg,segmentation_cleaned
Japan_006377.jpg,segmentation_original
Japan_006381.jpg,segmentation_original
Japan_006405.jpg,segmentation_original
Japan_006427.jpg,segmentation_original
Japan_006437.jpg,segmentation_cleaned
Japan_006439.jpg,segmentation_original
Japan_006466.jpg,nothing
Japan_006478.jpg,segmentation_original
Japan_006488.jpg,segmentation_original
Japan_006494.jpg,segmentation_cleaned
Japan_006509.jpg,segmentation_original
Japan_006544.jpg,segmentation_original
Japan_006545.jpg,segmentation_original
Japan_006567.jpg,segmentation_original
Japan_006610.jpg,segmentation_original
Japan_006628.jpg,segmentation_original
Japan_006675.jpg,segmentation_original
Japan_006678.jpg,segmentation_cleaned
Japan_006700.jpg,segmentation_cleaned
Japan_006713.jpg,segmentation_cleaned
Japan_006731.jpg,segmentation_cleaned
Japan_006732.jpg,segmentation_cleaned
Japan_006737.jpg,segmentation_original
Japan_006784.jpg,segmentation_original
Japan_006800.jpg,segmentation_original
Japan_006816.jpg,segmentation_cleaned
Japan_006824.jpg,segmentation_original
Japan_006861.jpg,segmentation_cleaned
Japan_006891.jpg,segmentation_cleaned
Japan_006954.jpg,segmentation_original
Japan_006959.jpg,nothing
Japan_006967.jpg,segmentation_original
Japan_007052.jpg,segmentation_original
Japan_007059.jpg,segmentation_cleaned
Japan_007062.jpg,segmentation_cleaned
Japan_007090.jpg,nothing
Japan_007114.jpg,segmentation_original
Japan_007121.jpg,segmentation_original
Japan_007129.jpg,segmentation_original
Japan_007142.jpg,segmentation_original
Japan_007148.jpg,segmentation_original
Japan_007160.jpg,segmentation_original
Japan_007162.jpg,nothing
Japan_007173.jpg,segmentation_original
Japan_007232.jpg,segmentation_original
Japan_007250.jpg,segmentation_original
Japan_007263.jpg,segmentation_original
Japan_007279.jpg,segmentation_original
Japan_007280.jpg,segmentation_original
Japan_007297.jpg,detection
Japan_007298.jpg,segmentation_original
Japan_007308.jpg,segmentation_original
Japan_007338.jpg,segmentation_original
Japan_007351.jpg,nothing
Japan_007357.jpg,segmentation_original
Japan_007364.jpg,segmentation_original
Japan_007371.jpg,segmentation_original
Japan_007381.jpg,segmentation_original
Japan_007391.jpg,segmentation_cleaned
Japan_007409.jpg,segmentation_original
Japan_007422.jpg,segmentation_original
Japan_007445.jpg,segmentation_original
Japan_007455.jpg,segmentation_cleaned
Japan_007473.jpg,segmentation_cleaned
Japan_007486.jpg,segmentation_cleaned
Japan_007506.jpg,segmentation_original
Japan_007552.jpg,nothing
Japan_007563.jpg,segmentation_original
Japan_007579.jpg,segmentation_original
Japan_007614.jpg,segmentation_original
Japan_007633.jpg,segmentation_original
Japan_007655.jpg,segmentation_original
Japan_007665.jpg,segmentation_original
Japan_007680.jpg,segmentation_original
Japan_007714.jpg,segmentation_original
Japan_007745.jpg,nothing
Japan_007749.jpg,segmentation_cleaned
Japan_007758.jpg,nothing
Japan_007760.jpg,segmentation_cleaned
Japan_007787.jpg,segmentation_original
Japan_007821.jpg,nothing
Japan_007829.jpg,segmentation_original
Japan_007841.jpg,segmentation_cleaned
Japan_007844.jpg,segmentation_cleaned
Japan_007857.jpg,nothing
Japan_007873.jpg,segmentation_original
Japan_007905.jpg,nothing
Japan_007926.jpg,segmentation_original
Japan_007960.jpg,segmentation_original
Japan_007971.jpg,nothing
Japan_007992.jpg,detection
Japan_007994.jpg,segmentation_cleaned
Japan_008026.jpg,segmentation_original
Japan_008052.jpg,segmentation_cleaned
Japan_008087.jpg,segmentation_original
Japan_008143.jpg,segmentation_original
Japan_008144.jpg,segmentation_original
Japan_008145.jpg,segmentation_original
Japan_008149.jpg,segmentation_cleaned
Japan_008155.jpg,detection
Japan_008159.jpg,segmentation_original
Japan_008196.jpg,segmentation_cleaned
Japan_008204.jpg,nothing
Japan_008220.jpg,segmentation_original
Japan_008224.jpg,nothing
Japan_008242.jpg,segmentation_original
Japan_008287.jpg,segmentation_original
Japan_008301.jpg,nothing
Japan_008313.jpg,segmentation_cleaned
Japan_008372.jpg,nothing
Japan_008410.jpg,nothing
Japan_008425.jpg,segmentation_cleaned
Japan_008439.jpg,nothing
Japan_008463.jpg,segmentation_original
Japan_008495.jpg,segmentation_original
Japan_008525.jpg,nothing
Japan_008546.jpg,segmentation_cleaned
Japan_008623.jpg,segmentation_original
Japan_008630.jpg,segmentation_cleaned
Japan_008640.jpg,segmentation_cleaned
Japan_008698.jpg,nothing
Japan_008712.jpg,nothing
Japan_008714.jpg,segmentation_original
Japan_008721.jpg,segmentation_original
Japan_008722.jpg,segmentation_original
Japan_008752.jpg,segmentation_cleaned
Japan_008766.jpg,segmentation_original
Japan_008804.jpg,segmentation_original
Japan_008813.jpg,segmentation_cleaned
Japan_008816.jpg,segmentation_original
Japan_008843.jpg,segmentation_original
Japan_008874.jpg,segmentation_original
Japan_008908.jpg,segmentation_original
Japan_008944.jpg,segmentation_original
Japan_008946.jpg,segmentation_original
Japan_008954.jpg,segmentation_original
Japan_008959.jpg,segmentation_cleaned
Japan_008968.jpg,segmentation_original
Japan_008988.jpg,segmentation_cleaned
Japan_009033.jpg,nothing
Japan_009049.jpg,nothing
Japan_009072.jpg,segmentation_original
Japan_009085.jpg,segmentation_original
Japan_009139.jpg,detection
Japan_009160.jpg,segmentation_original
Japan_009176.jpg,segmentation_original
Japan_009179.jpg,segmentation_original
Japan_009199.jpg,segmentation_original
Japan_009206.jpg,segmentation_cleaned
Japan_009208.jpg,segmentation_cleaned
Japan_009211.jpg,segmentation_cleaned
Japan_009219.jpg,segmentation_original
Japan_009257.jpg,segmentation_cleaned
Japan_009262.jpg,segmentation_cleaned
Japan_009263.jpg,segmentation_cleaned
Japan_009288.jpg,nothing
Japan_009293.jpg,nothing
Japan_009305.jpg,nothing
Japan_009318.jpg,segmentation_cleaned
Japan_009321.jpg,segmentation_original
Japan_009326.jpg,segmentation_cleaned
Japan_009333.jpg,segmentation_cleaned
Japan_009339.jpg,segmentation_cleaned
Japan_009389.jpg,segmentation_cleaned
Japan_009461.jpg,segmentation_original
Japan_009481.jpg,segmentation_original
Japan_009484.jpg,segmentation_original
Japan_009492.jpg,segmentation_cleaned
Japan_009494.jpg,segmentation_original
Japan_009502.jpg,segmentation_cleaned
Japan_009506.jpg,detection
Japan_009520.jpg,segmentation_cleaned
Japan_009521.jpg,segmentation_cleaned
Japan_009565.jpg,nothing
Japan_009567.jpg,segmentation_original
Japan_009586.jpg,segmentation_original
Japan_009630.jpg,segmentation_cleaned
Japan_009637.jpg,nothing
Japan_009681.jpg,segmentation_cleaned
Japan_009684.jpg,segmentation_original
Japan_009706.jpg,segmentation_cleaned
Japan_009719.jpg,segmentation_original
Japan_009737.jpg,segmentation_original
Japan_009765.jpg,segmentation_original
Japan_009776.jpg,nothing
Japan_009784.jpg,segmentation_original
Japan_009832.jpg,segmentation_cleaned
Japan_009862.jpg,segmentation_cleaned
Japan_009882.jpg,segmentation_original
Japan_009909.jpg,segmentation_original
Japan_009928.jpg,segmentation_original
Japan_009929.jpg,segmentation_original
Japan_009954.jpg,nothing
Japan_009956.jpg,nothing
Japan_009960.jpg,segmentation_original
Japan_009961.jpg,segmentation_cleaned
Japan_010001.jpg,segmentation_original
Japan_010005.jpg,segmentation_original
Japan_010032.jpg,segmentation_cleaned
Japan_010052.jpg,segmentation_original
Japan_010054.jpg,nothing
Japan_010063.jpg,segmentation_cleaned
Japan_010069.jpg,segmentation_cleaned
Japan_010181.jpg,segmentation_cleaned
Japan_010190.jpg,segmentation_cleaned
Japan_010200.jpg,segmentation_original
Japan_010231.jpg,segmentation_cleaned
Japan_010251.jpg,segmentation_cleaned
Japan_010287.jpg,segmentation_original
Japan_010295.jpg,segmentation_original
Japan_010319.jpg,segmentation_original
Japan_010336.jpg,nothing
Japan_010376.jpg,segmentation_original
Japan_010427.jpg,segmentation_original
Japan_010528.jpg,segmentation_cleaned
Japan_010553.jpg,segmentation_original
Japan_010561.jpg,segmentation_original
Japan_010571.jpg,segmentation_cleaned
Japan_010595.jpg,segmentation_cleaned
Japan_010607.jpg,segmentation_original
Japan_010611.jpg,nothing
Japan_010636.jpg,segmentation_cleaned
Japan_010714.jpg,segmentation_original
Japan_010758.jpg,segmentation_original
Japan_010762.jpg,segmentation_cleaned
Japan_010765.jpg,segmentation_cleaned
Japan_010766.jpg,segmentation_original
Japan_010769.jpg,segmentation_original
Japan_010779.jpg,nothing
Japan_010839.jpg,segmentation_original
Japan_010845.jpg,segmentation_original
Japan_010851.jpg,segmentation_original
Japan_010884.jpg,segmentation_original
Japan_010895.jpg,segmentation_original
Japan_010933.jpg,nothing
Japan_010963.jpg,segmentation_original
Japan_010983.jpg,segmentation_original
Japan_011024.jpg,segmentation_cleaned
Japan_011054.jpg,nothing
Japan_011058.jpg,nothing
Japan_011065.jpg,segmentation_original
Japan_011072.jpg,segmentation_original
Japan_011077.jpg,segmentation_original
Japan_011081.jpg,segmentation_original
Japan_011086.jpg,segmentation_original
Japan_011103.jpg,segmentation_original
Japan_011106.jpg,segmentation_original
Japan_011110.jpg,segmentation_original
Japan_011117.jpg,segmentation_cleaned
Japan_011135.jpg,segmentation_cleaned
Japan_011136.jpg,segmentation_original
Japan_011141.jpg,segmentation_original
Japan_011164.jpg,segmentation_original
Japan_011207.jpg,segmentation_cleaned
Japan_011209.jpg,segmentation_original
Japan_011246.jpg,segmentation_original
Japan_011256.jpg,segmentation_original
Japan_011278.jpg,segmentation_original
Japan_011279.jpg,segmentation_original
Japan_011283.jpg,segmentation_original
Japan_011288.jpg,segmentation_original
Japan_011312.jpg,segmentation_original
Japan_011338.jpg,segmentation_original
Japan_011374.jpg,segmentation_original
Japan_011427.jpg,segmentation_original
Japan_011435.jpg,segmentation_original
Japan_011446.jpg,segmentation_original
Japan_011449.jpg,segmentation_original
Japan_011521.jpg,segmentation_original
Japan_011553.jpg,segmentation_original
Japan_011559.jpg,segmentation_original
Japan_011590.jpg,segmentation_cleaned
Japan_011612.jpg,nothing
Japan_011653.jpg,nothing
Japan_011658.jpg,segmentation_cleaned
Japan_011728.jpg,nothing
Japan_011735.jpg,segmentation_original
Japan_011767.jpg,segmentation_cleaned
Japan_011784.jpg,segmentation_original
Japan_011854.jpg,segmentation_cleaned
Japan_011859.jpg,nothing
Japan_011874.jpg,segmentation_original
Japan_011875.jpg,segmentation_original
Japan_011881.jpg,nothing
Japan_011903.jpg,segmentation_original
Japan_011909.jpg,segmentation_original
Japan_011924.jpg,segmentation_original
Japan_011925.jpg,segmentation_cleaned
Japan_011959.jpg,segmentation_original
Japan_011982.jpg,segmentation_original
Japan_012019.jpg,segmentation_cleaned
Japan_012108.jpg,segmentation_original
Japan_012131.jpg,segmentation_original
Japan_012158.jpg,nothing
Japan_012226.jpg,segmentation_cleaned
Japan_012260.jpg,segmentation_original
Japan_012276.jpg,segmentation_original
Japan_012280.jpg,segmentation_original
Japan_012290.jpg,segmentation_cleaned
Japan_012309.jpg,segmentation_original
Japan_012339.jpg,segmentation_original
Japan_012341.jpg,segmentation_cleaned
Japan_012344.jpg,segmentation_cleaned
Japan_012374.jpg,nothing
Japan_012381.jpg,segmentation_original
Japan_012396.jpg,segmentation_original
Japan_012399.jpg,segmentation_original
Japan_012429.jpg,segmentation_original
Japan_012430.jpg,nothing
Japan_012446.jpg,nothing
Japan_012465.jpg,segmentation_cleaned
Japan_012482.jpg,segmentation_original
Japan_012505.jpg,segmentation_cleaned
Japan_012512.jpg,segmentation_original
Japan_012539.jpg,segmentation_original
Japan_012543.jpg,segmentation_original
Japan_012546.jpg,segmentation_original
Japan_012556.jpg,segmentation_original
Japan_012578.jpg,segmentation_original
Japan_012590.jpg,segmentation_original
Japan_012625.jpg,segmentation_original
Japan_012635.jpg,segmentation_original
Japan_012637.jpg,segmentation_cleaned
Japan_012639.jpg,segmentation_original
Japan_012724.jpg,segmentation_cleaned
Japan_012740.jpg,segmentation_original
Japan_012747.jpg,segmentation_cleaned
Japan_012754.jpg,segmentation_cleaned
Japan_012768.jpg,segmentation_original
Japan_012784.jpg,segmentation_cleaned
Japan_012789.jpg,segmentation_cleaned
Japan_012791.jpg,segmentation_original
Japan_012801.jpg,segmentation_original
Japan_012839.jpg,segmentation_original
Japan_012888.jpg,segmentation_original
Japan_012931.jpg,segmentation_original
Japan_012975.jpg,segmentation_original
Japan_012996.jpg,segmentation_original
Japan_013003.jpg,segmentation_original
Japan_013008.jpg,segmentation_original
Japan_013029.jpg,segmentation_original
Japan_013030.jpg,segmentation_original
Japan_013043.jpg,segmentation_original
Japan_013062.jpg,segmentation_original
Japan_013063.jpg,segmentation_cleaned
Japan_013069.jpg,segmentation_cleaned
Japan_013099.jpg,segmentation_cleaned
Japan_013112.jpg,segmentation_original
Japan_013116.jpg,segmentation_original
Japan_013123.jpg,segmentation_original
Norway_000009.jpg,segmentation_cleaned
Norway_000010.jpg,segmentation_original
Norway_000100.jpg,segmentation_original
Norway_000145.jpg,segmentation_original
Norway_000189.jpg,segmentation_original
Norway_000394.jpg,nothing
Norway_000401.jpg,segmentation_original
Norway_000412.jpg,nothing
Norway_000445.jpg,segmentation_original
Norway_000467.jpg,segmentation_original
Norway_000550.jpg,nothing
Norway_000633.jpg,segmentation_cleaned
Norway_000678.jpg,nothing
Norway_000703.jpg,segmentation_original
Norway_000720.jpg,nothing
Norway_000778.jpg,detection
Norway_000865.jpg,segmentation_cleaned
Norway_000994.jpg,segmentation_original
Norway_001031.jpg,nothing
Norway_001060.jpg,segmentation_original
Norway_001227.jpg,nothing
Norway_001429.jpg,nothing
Norway_001481.jpg,nothing
Norway_001517.jpg,segmentation_original
Norway_001560.jpg,nothing
Norway_001583.jpg,segmentation_cleaned
Norway_001666.jpg,segmentation_original
Norway_001668.jpg,segmentation_original
Norway_001720.jpg,segmentation_cleaned
Norway_001729.jpg,segmentation_original
Norway_001770.jpg,segmentation_original
Norway_001778.jpg,segmentation_original
Norway_001857.jpg,segmentation_original
Norway_001892.jpg,segmentation_original
Norway_001932.jpg,segmentation_original
Norway_002146.jpg,nothing
Norway_002333.jpg,segmentation_original
Norway_002453.jpg,segmentation_original
Norway_002530.jpg,segmentation_original
Norway_002592.jpg,segmentation_original
Norway_002631.jpg,segmentation_original
Norway_002706.jpg,segmentation_original
Norway_002721.jpg,segmentation_original
Norway_002751.jpg,segmentation_original
Norway_002752.jpg,nothing
Norway_002796.jpg,segmentation_original
Norway_002895.jpg,segmentation_original
Norway_002913.jpg,segmentation_original
Norway_002918.jpg,segmentation_original
Norway_002946.jpg,segmentation_original
Norway_003102.jpg,nothing
Norway_003220.jpg,segmentation_cleaned
Norway_003232.jpg,segmentation_original
Norway_003267.jpg,segmentation_original
Norway_003302.jpg,segmentation_original
Norway_003362.jpg,segmentation_original
Norway_003363.jpg,segmentation_original
Norway_003399.jpg,segmentation_cleaned
Norway_003467.jpg,segmentation_original
Norway_003567.jpg,segmentation_original
Norway_003637.jpg,segmentation_original
Norway_003641.jpg,segmentation_original
Norway_003741.jpg,detection
Norway_003810.jpg,segmentation_original
Norway_003859.jpg,segmentation_cleaned
Norway_003939.jpg,nothing
Norway_003956.jpg,segmentation_original
Norway_004013.jpg,segmentation_cleaned
Norway_004040.jpg,segmentation_original
Norway_004153.jpg,segmentation_original
Norway_004228.jpg,segmentation_original
Norway_004236.jpg,nothing
Norway_004333.jpg,segmentation_original
Norway_004348.jpg,segmentation_original
Norway_004368.jpg,segmentation_original
Norway_004522.jpg,segmentation_original
Norway_004552.jpg,segmentation_original
Norway_004566.jpg,segmentation_original
Norway_004859.jpg,segmentation_original
Norway_004884.jpg,segmentation_original
Norway_004892.jpg,segmentation_original
Norway_004912.jpg,segmentation_original
Norway_004947.jpg,segmentation_original
Norway_005041.jpg,segmentation_original
Norway_005104.jpg,segmentation_original
Norway_005131.jpg,segmentation_original
Norway_005195.jpg,segmentation_original
Norway_005240.jpg,segmentation_original
Norway_005253.jpg,segmentation_original
Norway_005344.jpg,segmentation_original
Norway_005431.jpg,nothing
Norway_005450.jpg,segmentation_original
Norway_005553.jpg,nothing
Norway_005618.jpg,segmentation_original
Norway_005660.jpg,segmentation_original
Norway_005693.jpg,segmentation_original
Norway_005695.jpg,segmentation_original
Norway_005708.jpg,segmentation_original
Norway_005727.jpg,segmentation_original
Norway_005807.jpg,segmentation_original
Norway_005858.jpg,segmentation_original
Norway_005920.jpg,segmentation_original
Norway_006137.jpg,nothing
Norway_006168.jpg,nothing
Norway_006212.jpg,segmentation_original
Norway_006217.jpg,nothing
Norway_006411.jpg,segmentation_original
Norway_006441.jpg,segmentation_original
Norway_006600.jpg,nothing
Norway_006601.jpg,segmentation_original
Norway_006815.jpg,segmentation_original
Norway_007133.jpg,nothing
Norway_007210.jpg,nothing
Norway_007231.jpg,segmentation_original
Norway_007327.jpg,segmentation_original
Norway_007329.jpg,segmentation_original
Norway_007342.jpg,segmentation_original
Norway_007390.jpg,nothing
Norway_007400.jpg,segmentation_original
Norway_007436.jpg,nothing
Norway_007445.jpg,nothing
Norway_007602.jpg,segmentation_original
Norway_007637.jpg,segmentation_original
Norway_007638.jpg,segmentation_original
Norway_007799.jpg,segmentation_original
Norway_007802.jpg,nothing
United_States_000087.jpg,segmentation_original
United_States_000207.jpg,segmentation_cleaned
United_States_000620.jpg,segmentation_cleaned
United_States_000684.jpg,segmentation_original
United_States_000718.jpg,nothing
United_States_000739.jpg,segmentation_original
United_States_000785.jpg,segmentation_original
United_States_000807.jpg,nothing
United_States_001071.jpg,segmentation_original
United_States_001078.jpg,segmentation_original
United_States_001083.jpg,segmentation_original
United_States_001149.jpg,segmentation_cleaned
United_States_001264.jpg,segmentation_cleaned
United_States_001270.jpg,segmentation_original
United_States_001311.jpg,segmentation_original
United_States_001407.jpg,segmentation_original
United_States_001439.jpg,segmentation_original
United_States_001485.jpg,segmentation_original
United_States_001533.jpg,segmentation_cleaned
United_States_001534.jpg,nothing
United_States_001657.jpg,segmentation_original
United_States_001750.jpg,segmentation_original
United_States_001889.jpg,segmentation_original
United_States_001897.jpg,segmentation_original
United_States_001930.jpg,segmentation_original
United_States_002035.jpg,segmentation_original
United_States_002075.jpg,segmentation_original
United_States_002237.jpg,segmentation_original
United_States_002262.jpg,segmentation_original
United_States_002263.jpg,segmentation_original
United_States_002318.jpg,segmentation_original
United_States_002386.jpg,segmentation_original
United_States_002423.jpg,segmentation_cleaned
United_States_002467.jpg,segmentation_original
United_States_002508.jpg,segmentation_cleaned
United_States_002577.jpg,segmentation_cleaned
United_States_002613.jpg,segmentation_original
United_States_002654.jpg,segmentation_original
United_States_002721.jpg,segmentation_original
United_States_002736.jpg,segmentation_original
United_States_002767.jpg,segmentation_original
United_States_002884.jpg,segmentation_cleaned
United_States_002921.jpg,segmentation_original
United_States_003021.jpg,segmentation_original
United_States_003332.jpg,segmentation_cleaned
United_States_003348.jpg,segmentation_original
United_States_003555.jpg,segmentation_original
United_States_003661.jpg,segmentation_original
United_States_004097.jpg,segmentation_cleaned
United_States_004107.jpg,segmentation_original
United_States_004147.jpg,segmentation_original
United_States_004253.jpg,segmentation_original
United_States_004261.jpg,nothing
United_States_004294.jpg,segmentation_original
United_States_004344.jpg,segmentation_original
United_States_004347.jpg,segmentation_cleaned
United_States_004472.jpg,segmentation_original
United_States_004531.jpg,segmentation_original
United_States_004549.jpg,segmentation_original
United_States_004640.jpg,segmentation_original
United_States_004643.jpg,segmentation_cleaned
United_States_004712.jpg,segmentation_original
United_States_004760.jpg,segmentation_original
United_States_004776.jpg,segmentation_original
