image_name,user
1.jpg,Fernando
10.jpg,Fernando
100.jpg,Fernando
1000.jpg,Fernando
1001.jpg,Fernando
1002.jpg,Fernando
1003.jpg,Fernando
1004.jpg,Fernando
1005.jpg,Fernando
1006.jpg,Fernando
1007.jpg,Fernando
1008.jpg,Fernando
1009.jpg,Fernando
101.jpg,Fernando
1010.jpg,Fernando
1011.jpg,Fernando
1012.jpg,Fernando
1013.jpg,Fernando
1014.jpg,Fernando
1015.jpg,Fernando
1016.jpg,Fernando
1017.jpg,Fernando
1018.jpg,Fernando
1019.jpg,Fernando
102.jpg,Fernando
1020.jpg,Fernando
1021.jpg,Fernando
1022.jpg,Fernando
1023.jpg,Fernando
1024.jpg,Fernando
1025.jpg,Fernando
1026.jpg,Fernando
1027.jpg,Fernando
1028.jpg,Fernando
1029.jpg,Fernando
103.jpg,Fernando
1030.jpg,Fernando
1031.jpg,Fernando
1032.jpg,Fernando
1033.jpg,Fernando
1034.jpg,Fernando
1035.jpg,Fernando
1036.jpg,Fernando
1037.jpg,Fernando
1038.jpg,Fernando
1039.jpg,Fernando
1040.jpg,Fernando
1041.jpg,Fernando
1042.jpg,Fernando
1043.jpg,Fernando
1044.jpg,Fernando
1045.jpg,Fernando
1046.jpg,Fernando
1047.jpg,Fernando
1048.jpg,Fernando
1049.jpg,Fernando
1050.jpg,Fernando
1051.jpg,Fernando
1052.jpg,Fernando
1053.jpg,Fernando
1054.jpg,Fernando
1055.jpg,Fernando
1056.jpg,Fernando
1057.jpg,Fernando
1058.jpg,Fernando
1059.jpg,Fernando
1060.jpg,Fernando
1061.jpg,Fernando
1062.jpg,Fernando
1063.jpg,Fernando
1064.jpg,Fernando
1065.jpg,Fernando
1066.jpg,Fernando
1068.jpg,Fernando
1069.jpg,Fernando
1070.jpg,Fernando
1071.jpg,Fernando
1072.jpg,Fernando
1073.jpg,Fernando
1074.jpg,Fernando
1075.jpg,Fernando
1076.jpg,Fernando
1077.jpg,Fernando
1078.jpg,Fernando
1079.jpg,Fernando
108.jpg,Fernando
1080.jpg,Fernando
1081.jpg,Fernando
1082.jpg,Fernando
1083.jpg,Fernando
1084.jpg,Fernando
1085.jpg,Fernando
1086.jpg,Fernando
1087.jpg,Fernando
1088.jpg,Fernando
1089.jpg,Fernando
1090.jpg,Fernando
1091.jpg,Fernando
1092.jpg,Fernando
1093.jpg,Fernando
1094.jpg,Fernando
1095.jpg,Fernando
1096.jpg,Fernando
1097.jpg,Fernando
1098.jpg,Fernando
1099.jpg,Fernando
11.jpg,Fernando
110.jpg,Fernando
1100.jpg,Fernando
1101.jpg,Fernando
1102.jpg,Fernando
1103.jpg,Fernando
1104.jpg,Fernando
1105.jpg,Fernando
1106.jpg,Fernando
1107.jpg,Fernando
1108.jpg,Fernando
1109.jpg,Fernando
111.jpg,Fernando
1110.jpg,Fernando
1111.jpg,Fernando
1112.jpg,Fernando
1113.jpg,Fernando
1114.jpg,Fernando
1115.jpg,Fernando
1116.jpg,Fernando
1117.jpg,Fernando
1118.jpg,Fernando
1119.jpg,Fernando
1120.jpg,Fernando
1121.jpg,Fernando
1122.jpg,Fernando
1123.jpg,Fernando
1125.jpg,Fernando
1127.jpg,Fernando
1128.jpg,Fernando
1129.jpg,Fernando
1130.jpg,Fernando
1131.jpg,Fernando
1132.jpg,Fernando
1133.jpg,Fernando
1134.jpg,Fernando
1135.jpg,Fernando
1136.jpg,Fernando
1137.jpg,Fernando
1138.jpg,Fernando
1139.jpg,Fernando
114.jpg,Fernando
1140.jpg,Fernando
1141.jpg,Fernando
1142.jpg,Fernando
1143.jpg,Fernando
1144.jpg,Fernando
1145.jpg,Fernando
1146.jpg,Fernando
1147.jpg,Fernando
1148.jpg,Fernando
1149.jpg,Fernando
1150.jpg,Fernando
1151.jpg,Fernando
1152.jpg,Fernando
1153.jpg,Fernando
1154.jpg,Fernando
1155.jpg,Fernando
1156.jpg,Fernando
1157.jpg,Fernando
116.jpg,Fernando
1160.jpg,Fernando
1161.jpg,Fernando
1162.jpg,Fernando
1166.jpg,Fernando
1167.jpg,Fernando
1168.jpg,Fernando
1169.jpg,Fernando
1171.jpg,Fernando
1172.jpg,Fernando
1173.jpg,Fernando
1174.jpg,Fernando
1175.jpg,Fernando
1176.jpg,Fernando
1177.jpg,Fernando
1178.jpg,Fernando
1179.jpg,Fernando
118.jpg,Fernando
1180.jpg,Fernando
1181.jpg,Fernando
1182.jpg,Fernando
1183.jpg,Fernando
1184.jpg,Fernando
1185.jpg,Fernando
1186.jpg,Fernando
1187.jpg,Fernando
1188.jpg,Fernando
1189.jpg,Fernando
1190.jpg,Fernando
1191.jpg,Fernando
1192.jpg,Fernando
1193.jpg,Fernando
1194.jpg,Fernando
1195.jpg,Fernando
1197.jpg,Fernando
1198.jpg,Fernando
1199.jpg,Fernando
12.jpg,Fernando
1200.jpg,Fernando
1201.jpg,Fernando
1202.jpg,Fernando
1203.jpg,Fernando
1204.jpg,Fernando
1205.jpg,Fernando
1206.jpg,Fernando
1207.jpg,Fernando
1211.jpg,Fernando
1212.jpg,Fernando
1213.jpg,Fernando
1214.jpg,Fernando
1215.jpg,Fernando
1216.jpg,Fernando
1217.jpg,Fernando
1218.jpg,Fernando
1219.jpg,Fernando
122.jpg,Fernando
1220.jpg,Fernando
1221.jpg,Fernando
1223.jpg,Fernando
1226.jpg,Fernando
1227.jpg,Fernando
1228.jpg,Fernando
123.jpg,Fernando
1231.jpg,Fernando
1237.jpg,Fernando
1238.jpg,Fernando
1239.jpg,Fernando
124.jpg,Fernando
1240.jpg,Fernando
1241.jpg,Fernando
1242.jpg,Fernando
1244.jpg,Fernando
1245.jpg,Fernando
1246.jpg,Fernando
1247.jpg,Fernando
1249.jpg,Fernando
125.jpg,Fernando
1250.jpg,Fernando
1251.jpg,Fernando
1252.jpg,Fernando
1253.jpg,Fernando
1254.jpg,Fernando
1255.jpg,Fernando
1256.jpg,Fernando
1257.jpg,Fernando
1259.jpg,Fernando
126.jpg,Fernando
1260.jpg,Fernando
1261.jpg,Fernando
1262.jpg,Fernando
1263.jpg,Fernando
1264.jpg,Fernando
1265.jpg,Fernando
1266.jpg,Fernando
1267.jpg,Fernando
128.jpg,Fernando
13.jpg,Fernando
131.jpg,Fernando
132.jpg,Fernando
133.jpg,Fernando
134.jpg,Fernando
135.jpg,Fernando
136.jpg,Fernando
137.jpg,Fernando
138.jpg,Fernando
139.jpg,Fernando
14.jpg,Fernando
141.jpg,Fernando
142.jpg,Fernando
143.jpg,Fernando
144.jpg,Fernando
145.jpg,Fernando
146.jpg,Fernando
148.jpg,Fernando
149.jpg,Fernando
15.jpg,Fernando
150.jpg,Fernando
151.jpg,Fernando
153.jpg,Fernando
154.jpg,Fernando
155.jpg,Fernando
156.jpg,Fernando
157.jpg,Fernando
158.jpg,Fernando
159.jpg,Fernando
16.jpg,Fernando
163.jpg,Fernando
164.jpg,Fernando
165.jpg,Fernando
166.jpg,Fernando
167.jpg,Fernando
168.jpg,Fernando
169.jpg,Fernando
17.jpg,Fernando
171.jpg,Fernando
172.jpg,Fernando
173.jpg,Fernando
174.jpg,Fernando
175.jpg,Fernando
176.jpg,Fernando
177.jpg,Fernando
178.jpg,Fernando
179.jpg,Fernando
18.jpg,Fernando
180.jpg,Fernando
181.jpg,Fernando
183.jpg,Fernando
184.jpg,Fernando
185.jpg,Fernando
186.jpg,Fernando
188.jpg,Fernando
189.jpg,Fernando
19.jpg,Fernando
190.jpg,Fernando
191.jpg,Fernando
192.jpg,Fernando
193.jpg,Fernando
194.jpg,Fernando
196.jpg,Fernando
197.jpg,Fernando
198.jpg,Fernando
2.jpg,Fernando
20.jpg,Fernando
200.jpg,Fernando
201.jpg,Fernando
203.jpg,Fernando
204.jpg,Fernando
206.jpg,Fernando
207.jpg,Fernando
208.jpg,Fernando
209.jpg,Fernando
21.jpg,Fernando
211.jpg,Fernando
213.jpg,Fernando
215.jpg,Fernando
216.jpg,Fernando
217.jpg,Fernando
218.jpg,Fernando
219.jpg,Fernando
22.jpg,Fernando
220.jpg,Fernando
221.jpg,Fernando
222.jpg,Fernando
223.jpg,Fernando
224.jpg,Fernando
225.jpg,Fernando
226.jpg,Fernando
227.jpg,Fernando
228.jpg,Fernando
229.jpg,Fernando
230.jpg,Fernando
231.jpg,Fernando
232.jpg,Fernando
233.jpg,Fernando
234.jpg,Fernando
235.jpg,Fernando
236.jpg,Fernando
237.jpg,Fernando
238.jpg,Fernando
239.jpg,Fernando
24.jpg,Fernando
240.jpg,Fernando
241.jpg,Fernando
242.jpg,Fernando
243.jpg,Fernando
244.jpg,Fernando
245.jpg,Fernando
246.jpg,Fernando
247.jpg,Fernando
248.jpg,Fernando
249.jpg,Fernando
25.jpg,Fernando
250.jpg,Fernando
251.jpg,Fernando
252.jpg,Fernando
253.jpg,Fernando
254.jpg,Fernando
255.jpg,Fernando
256.jpg,Fernando
257.jpg,Fernando
258.jpg,Fernando
259.jpg,Fernando
26.jpg,Fernando
260.jpg,Fernando
261.jpg,Fernando
262.jpg,Fernando
263.jpg,Fernando
264.jpg,Fernando
265.jpg,Fernando
266.jpg,Fernando
267.jpg,Fernando
268.jpg,Fernando
269.jpg,Fernando
27.jpg,Fernando
270.jpg,Fernando
271.jpg,Fernando
272.jpg,Fernando
273.jpg,Fernando
274.jpg,Fernando
275.jpg,Fernando
276.jpg,Fernando
277.jpg,Fernando
279.jpg,Fernando
28.jpg,Fernando
280.jpg,Fernando
281.jpg,Fernando
282.jpg,Fernando
283.jpg,Fernando
284.jpg,Fernando
285.jpg,Fernando
286.jpg,Fernando
287.jpg,Fernando
288.jpg,Fernando
289.jpg,Fernando
29.jpg,Fernando
290.jpg,Fernando
291.jpg,Fernando
292.jpg,Fernando
293.jpg,Fernando
294.jpg,Fernando
296.jpg,Fernando
297.jpg,Fernando
298.jpg,Fernando
299.jpg,Fernando
3.jpg,Fernando
30.jpg,Fernando
300.jpg,Fernando
302.jpg,Fernando
303.jpg,Fernando
304.jpg,Fernando
305.jpg,Fernando
306.jpg,Fernando
307.jpg,Fernando
308.jpg,Fernando
309.jpg,Fernando
31.jpg,Fernando
310.jpg,Fernando
311.jpg,Fernando
312.jpg,Fernando
313.jpg,Fernando
314.jpg,Fernando
315.jpg,Fernando
316.jpg,Fernando
317.jpg,Fernando
318.jpg,Fernando
319.jpg,Fernando
32.jpg,Fernando
320.jpg,Fernando
321.jpg,Fernando
322.jpg,Fernando
323.jpg,Fernando
324.jpg,Fernando
325.jpg,Fernando
326.jpg,Fernando
327.jpg,Fernando
328.jpg,Fernando
329.jpg,Fernando
33.jpg,Fernando
330.jpg,Fernando
331.jpg,Fernando
332.jpg,Fernando
333.jpg,Fernando
334.jpg,Fernando
335.jpg,Fernando
336.jpg,Fernando
337.jpg,Fernando
338.jpg,Fernando
339.jpg,Fernando
34.jpg,Fernando
340.jpg,Fernando
341.jpg,Fernando
342.jpg,Fernando
343.jpg,Fernando
344.jpg,Fernando
345.jpg,Fernando
346.jpg,Fernando
347.jpg,Fernando
348.jpg,Fernando
349.jpg,Fernando
35.jpg,Fernando
350.jpg,Fernando
351.jpg,Fernando
352.jpg,Fernando
353.jpg,Fernando
355.jpg,Fernando
356.jpg,Fernando
357.jpg,Fernando
358.jpg,Fernando
359.jpg,Fernando
36.jpg,Fernando
360.jpg,Fernando
361.jpg,Fernando
362.jpg,Fernando
363.jpg,Fernando
364.jpg,Fernando
366.jpg,Fernando
367.jpg,Fernando
368.jpg,Fernando
37.jpg,Fernando
370.jpg,Fernando
371.jpg,Fernando
372.jpg,Fernando
373.jpg,Fernando
374.jpg,Fernando
375.jpg,Fernando
376.jpg,Fernando
377.jpg,Fernando
378.jpg,Fernando
379.jpg,Fernando
380.jpg,Fernando
381.jpg,Fernando
382.jpg,Fernando
383.jpg,Fernando
384.jpg,Fernando
385.jpg,Fernando
386.jpg,Fernando
387.jpg,Fernando
388.jpg,Fernando
389.jpg,Fernando
390.jpg,Fernando
391.jpg,Fernando
392.jpg,Fernando
393.jpg,Fernando
394.jpg,Fernando
395.jpg,Fernando
396.jpg,Fernando
397.jpg,Fernando
398.jpg,Fernando
399.jpg,Fernando
4.jpg,Fernando
40.jpg,Fernando
400.jpg,Fernando
401.jpg,Fernando
402.jpg,Fernando
403.jpg,Fernando
404.jpg,Fernando
405.jpg,Fernando
406.jpg,Fernando
407.jpg,Fernando
408.jpg,Fernando
409.jpg,Fernando
41.jpg,Fernando
410.jpg,Fernando
411.jpg,Fernando
412.jpg,Fernando
413.jpg,Fernando
414.jpg,Fernando
415.jpg,Fernando
416.jpg,Fernando
417.jpg,Fernando
418.jpg,Fernando
419.jpg,Fernando
42.jpg,Fernando
420.jpg,Fernando
421.jpg,Fernando
422.jpg,Fernando
423.jpg,Fernando
424.jpg,Fernando
425.jpg,Fernando
426.jpg,Fernando
427.jpg,Fernando
428.jpg,Fernando
429.jpg,Fernando
43.jpg,Fernando
430.jpg,Fernando
431.jpg,Fernando
432.jpg,Fernando
433.jpg,Fernando
434.jpg,Fernando
435.jpg,Fernando
436.jpg,Fernando
437.jpg,Fernando
438.jpg,Fernando
439.jpg,Fernando
44.jpg,Fernando
440.jpg,Fernando
441.jpg,Fernando
442.jpg,Fernando
443.jpg,Fernando
444.jpg,Fernando
445.jpg,Fernando
446.jpg,Fernando
447.jpg,Fernando
449.jpg,Fernando
45.jpg,Fernando
450.jpg,Fernando
451.jpg,Fernando
452.jpg,Fernando
453.jpg,Fernando
454.jpg,Fernando
455.jpg,Fernando
456.jpg,Fernando
457.jpg,Fernando
458.jpg,Fernando
459.jpg,Fernando
46.jpg,Fernando
460.jpg,Fernando
461.jpg,Fernando
462.jpg,Fernando
463.jpg,Fernando
464.jpg,Fernando
465.jpg,Fernando
466.jpg,Fernando
467.jpg,Fernando
468.jpg,Fernando
469.jpg,Fernando
47.jpg,Fernando
470.jpg,Fernando
471.jpg,Fernando
472.jpg,Fernando
473.jpg,Fernando
474.jpg,Fernando
475.jpg,Fernando
476.jpg,Fernando
477.jpg,Fernando
478.jpg,Fernando
479.jpg,Fernando
48.jpg,Fernando
480.jpg,Fernando
481.jpg,Fernando
482.jpg,Fernando
483.jpg,Fernando
484.jpg,Fernando
485.jpg,Fernando
486.jpg,Fernando
487.jpg,Fernando
488.jpg,Fernando
489.jpg,Fernando
49.jpg,Fernando
490.jpg,Fernando
491.jpg,Fernando
492.jpg,Fernando
493.jpg,Fernando
494.jpg,Fernando
495.jpg,Fernando
496.jpg,Fernando
497.jpg,Fernando
498.jpg,Fernando
499.jpg,Fernando
5.jpg,Fernando
50.jpg,Fernando
500.jpg,Fernando
501.jpg,Fernando
502.jpg,Fernando
503.jpg,Fernando
504.jpg,Fernando
505.jpg,Fernando
506.jpg,Fernando
507.jpg,Fernando
508.jpg,Fernando
509.jpg,Fernando
51.jpg,Fernando
510.jpg,Fernando
511.jpg,Fernando
512.jpg,Fernando
513.jpg,Fernando
514.jpg,Fernando
515.jpg,Fernando
516.jpg,Fernando
517.jpg,Fernando
518.jpg,Fernando
519.jpg,Fernando
52.jpg,Fernando
520.jpg,Fernando
521.jpg,Fernando
522.jpg,Fernando
523.jpg,Fernando
524.jpg,Fernando
525.jpg,Fernando
526.jpg,Fernando
527.jpg,Fernando
528.jpg,Fernando
529.jpg,Fernando
53.jpg,Fernando
530.jpg,Fernando
531.jpg,Fernando
532.jpg,Fernando
533.jpg,Fernando
534.jpg,Fernando
535.jpg,Fernando
536.jpg,Fernando
537.jpg,Fernando
538.jpg,Fernando
539.jpg,Fernando
54.jpg,Fernando
540.jpg,Fernando
541.jpg,Fernando
542.jpg,Fernando
543.jpg,Fernando
544.jpg,Fernando
545.jpg,Fernando
546.jpg,Fernando
547.jpg,Fernando
548.jpg,Fernando
549.jpg,Fernando
55.jpg,Fernando
550.jpg,Fernando
551.jpg,Fernando
552.jpg,Fernando
553.jpg,Fernando
554.jpg,Fernando
555.jpg,Fernando
556.jpg,Fernando
557.jpg,Fernando
558.jpg,Fernando
559.jpg,Fernando
56.jpg,Fernando
560.jpg,Fernando
561.jpg,Fernando
562.jpg,Fernando
563.jpg,Fernando
564.jpg,Fernando
565.jpg,Fernando
566.jpg,Fernando
567.jpg,Fernando
568.jpg,Fernando
569.jpg,Fernando
57.jpg,Fernando
570.jpg,Fernando
571.jpg,Fernando
572.jpg,Fernando
573.jpg,Fernando
574.jpg,Fernando
575.jpg,Fernando
576.jpg,Fernando
577.jpg,Fernando
578.jpg,Fernando
579.jpg,Fernando
58.jpg,Fernando
580.jpg,Fernando
581.jpg,Fernando
582.jpg,Fernando
583.jpg,Fernando
584.jpg,Fernando
585.jpg,Fernando
586.jpg,Fernando
587.jpg,Fernando
588.jpg,Fernando
589.jpg,Fernando
59.jpg,Fernando
590.jpg,Fernando
591.jpg,Fernando
592.jpg,Fernando
593.jpg,Fernando
594.jpg,Fernando
595.jpg,Fernando
596.jpg,Fernando
597.jpg,Fernando
598.jpg,Fernando
599.jpg,Fernando
6.jpg,Fernando
60.jpg,Fernando
600.jpg,Fernando
601.jpg,Fernando
603.jpg,Fernando
607.jpg,Fernando
608.jpg,Fernando
609.jpg,Fernando
61.jpg,Fernando
610.jpg,Fernando
611.jpg,Fernando
612.jpg,Fernando
613.jpg,Fernando
614.jpg,Fernando
615.jpg,Fernando
616.jpg,Fernando
617.jpg,Fernando
618.jpg,Fernando
619.jpg,Fernando
620.jpg,Fernando
621.jpg,Fernando
622.jpg,Fernando
623.jpg,Fernando
624.jpg,Fernando
625.jpg,Fernando
626.jpg,Fernando
627.jpg,Fernando
628.jpg,Fernando
629.jpg,Fernando
63.jpg,Fernando
630.jpg,Fernando
631.jpg,Fernando
632.jpg,Fernando
633.jpg,Fernando
634.jpg,Fernando
635.jpg,Fernando
636.jpg,Fernando
637.jpg,Fernando
638.jpg,Fernando
639.jpg,Fernando
640.jpg,Fernando
641.jpg,Fernando
642.jpg,Fernando
643.jpg,Fernando
644.jpg,Fernando
645.jpg,Fernando
646.jpg,Fernando
647.jpg,Fernando
648.jpg,Fernando
649.jpg,Fernando
65.jpg,Fernando
650.jpg,Fernando
651.jpg,Fernando
652.jpg,Fernando
653.jpg,Fernando
654.jpg,Fernando
655.jpg,Fernando
656.jpg,Fernando
657.jpg,Fernando
658.jpg,Fernando
659.jpg,Fernando
660.jpg,Fernando
661.jpg,Fernando
662.jpg,Fernando
663.jpg,Fernando
664.jpg,Fernando
665.jpg,Fernando
668.jpg,Fernando
669.jpg,Fernando
67.jpg,Fernando
670.jpg,Fernando
671.jpg,Fernando
672.jpg,Fernando
673.jpg,Fernando
674.jpg,Fernando
675.jpg,Fernando
676.jpg,Fernando
677.jpg,Fernando
678.jpg,Fernando
679.jpg,Fernando
68.jpg,Fernando
680.jpg,Fernando
681.jpg,Fernando
682.jpg,Fernando
683.jpg,Fernando
684.jpg,Fernando
685.jpg,Fernando
686.jpg,Fernando
687.jpg,Fernando
688.jpg,Fernando
689.jpg,Fernando
69.jpg,Fernando
690.jpg,Fernando
691.jpg,Fernando
692.jpg,Fernando
693.jpg,Fernando
694.jpg,Fernando
695.jpg,Fernando
696.jpg,Fernando
697.jpg,Fernando
698.jpg,Fernando
699.jpg,Fernando
7.jpg,Fernando
70.jpg,Fernando
700.jpg,Fernando
701.jpg,Fernando
702.jpg,Fernando
703.jpg,Fernando
704.jpg,Fernando
705.jpg,Fernando
706.jpg,Fernando
707.jpg,Fernando
708.jpg,Fernando
709.jpg,Fernando
71.jpg,Fernando
710.jpg,Fernando
711.jpg,Fernando
712.jpg,Fernando
713.jpg,Fernando
714.jpg,Fernando
715.jpg,Fernando
716.jpg,Fernando
717.jpg,Fernando
718.jpg,Fernando
719.jpg,Fernando
72.jpg,Fernando
720.jpg,Fernando
721.jpg,Fernando
722.jpg,Fernando
723.jpg,Fernando
724.jpg,Fernando
725.jpg,Fernando
726.jpg,Fernando
727.jpg,Fernando
728.jpg,Fernando
729.jpg,Fernando
73.jpg,Fernando
730.jpg,Fernando
731.jpg,Fernando
732.jpg,Fernando
733.jpg,Fernando
734.jpg,Fernando
735.jpg,Fernando
736.jpg,Fernando
737.jpg,Fernando
738.jpg,Fernando
739.jpg,Fernando
74.jpg,Fernando
740.jpg,Fernando
741.jpg,Fernando
742.jpg,Fernando
743.jpg,Fernando
744.jpg,Fernando
745.jpg,Fernando
746.jpg,Fernando
747.jpg,Fernando
748.jpg,Fernando
749.jpg,Fernando
750.jpg,Fernando
751.jpg,Fernando
752.jpg,Fernando
753.jpg,Fernando
754.jpg,Fernando
755.jpg,Fernando
756.jpg,Fernando
757.jpg,Fernando
758.jpg,Fernando
759.jpg,Fernando
76.jpg,Fernando
760.jpg,Fernando
761.jpg,Fernando
762.jpg,Fernando
763.jpg,Fernando
764.jpg,Fernando
765.jpg,Fernando
766.jpg,Fernando
767.jpg,Fernando
768.jpg,Fernando
769.jpg,Fernando
770.jpg,Fernando
771.jpg,Fernando
772.jpg,Fernando
773.jpg,Fernando
774.jpg,Fernando
775.jpg,Fernando
776.jpg,Fernando
777.jpg,Fernando
778.jpg,Fernando
779.jpg,Fernando
78.jpg,Fernando
780.jpg,Fernando
781.jpg,Fernando
782.jpg,Fernando
783.jpg,Fernando
784.jpg,Fernando
785.jpg,Fernando
786.jpg,Fernando
787.jpg,Fernando
788.jpg,Fernando
789.jpg,Fernando
79.jpg,Fernando
790.jpg,Fernando
791.jpg,Fernando
792.jpg,Fernando
793.jpg,Fernando
794.jpg,Fernando
795.jpg,Fernando
796.jpg,Fernando
797.jpg,Fernando
798.jpg,Fernando
799.jpg,Fernando
8.jpg,Fernando
80.jpg,Fernando
800.jpg,Fernando
801.jpg,Fernando
803.jpg,Fernando
804.jpg,Fernando
805.jpg,Fernando
806.jpg,Fernando
807.jpg,Fernando
808.jpg,Fernando
809.jpg,Fernando
81.jpg,Fernando
810.jpg,Fernando
811.jpg,Fernando
812.jpg,Fernando
813.jpg,Fernando
814.jpg,Fernando
815.jpg,Fernando
816.jpg,Fernando
817.jpg,Fernando
818.jpg,Fernando
819.jpg,Fernando
82.jpg,Fernando
820.jpg,Fernando
821.jpg,Fernando
822.jpg,Fernando
823.jpg,Fernando
824.jpg,Fernando
825.jpg,Fernando
826.jpg,Fernando
827.jpg,Fernando
828.jpg,Fernando
829.jpg,Fernando
83.jpg,Fernando
830.jpg,Fernando
831.jpg,Fernando
832.jpg,Fernando
833.jpg,Fernando
834.jpg,Fernando
835.jpg,Fernando
836.jpg,Fernando
837.jpg,Fernando
838.jpg,Fernando
839.jpg,Fernando
84.jpg,Fernando
840.jpg,Fernando
841.jpg,Fernando
842.jpg,Fernando
843.jpg,Fernando
844.jpg,Fernando
845.jpg,Fernando
846.jpg,Fernando
847.jpg,Fernando
848.jpg,Fernando
849.jpg,Fernando
85.jpg,Fernando
850.jpg,Fernando
851.jpg,Fernando
852.jpg,Fernando
853.jpg,Fernando
854.jpg,Fernando
855.jpg,Fernando
856.jpg,Fernando
857.jpg,Fernando
858.jpg,Fernando
859.jpg,Fernando
86.jpg,Fernando
860.jpg,Fernando
861.jpg,Fernando
863.jpg,Fernando
864.jpg,Fernando
865.jpg,Fernando
866.jpg,Fernando
867.jpg,Fernando
868.jpg,Fernando
87.jpg,Fernando
870.jpg,Fernando
871.jpg,Fernando
872.jpg,Fernando
873.jpg,Fernando
874.jpg,Fernando
875.jpg,Fernando
876.jpg,Fernando
878.jpg,Fernando
879.jpg,Fernando
88.jpg,Fernando
880.jpg,Fernando
881.jpg,Fernando
882.jpg,Fernando
883.jpg,Fernando
884.jpg,Fernando
885.jpg,Fernando
886.jpg,Fernando
887.jpg,Fernando
888.jpg,Fernando
889.jpg,Fernando
89.jpg,Fernando
890.jpg,Fernando
891.jpg,Fernando
892.jpg,Fernando
893.jpg,Fernando
894.jpg,Fernando
895.jpg,Fernando
896.jpg,Fernando
897.jpg,Fernando
898.jpg,Fernando
899.jpg,Fernando
9.jpg,Fernando
900.jpg,Fernando
901.jpg,Fernando
902.jpg,Fernando
903.jpg,Fernando
904.jpg,Fernando
905.jpg,Fernando
906.jpg,Fernando
908.jpg,Fernando
909.jpg,Fernando
91.jpg,Fernando
910.jpg,Fernando
911.jpg,Fernando
912.jpg,Fernando
913.jpg,Fernando
914.jpg,Fernando
915.jpg,Fernando
916.jpg,Fernando
917.jpg,Fernando
918.jpg,Fernando
919.jpg,Fernando
92.jpg,Fernando
920.jpg,Fernando
921.jpg,Fernando
922.jpg,Fernando
923.jpg,Fernando
924.jpg,Fernando
925.jpg,Fernando
926.jpg,Fernando
927.jpg,Fernando
928.jpg,Fernando
929.jpg,Fernando
93.jpg,Fernando
930.jpg,Fernando
931.jpg,Fernando
932.jpg,Fernando
933.jpg,Fernando
934.jpg,Fernando
935.jpg,Fernando
936.jpg,Fernando
937.jpg,Fernando
938.jpg,Fernando
939.jpg,Fernando
94.jpg,Fernando
940.jpg,Fernando
941.jpg,Fernando
942.jpg,Fernando
943.jpg,Fernando
944.jpg,Fernando
945.jpg,Fernando
946.jpg,Fernando
947.jpg,Fernando
948.jpg,Fernando
949.jpg,Fernando
95.jpg,Fernando
950.jpg,Fernando
951.jpg,Fernando
952.jpg,Fernando
953.jpg,Fernando
954.jpg,Fernando
955.jpg,Fernando
956.jpg,Fernando
957.jpg,Fernando
958.jpg,Fernando
959.jpg,Fernando
96.jpg,Fernando
960.jpg,Fernando
961.jpg,Fernando
962.jpg,Fernando
963.jpg,Fernando
964.jpg,Fernando
965.jpg,Fernando
966.jpg,Fernando
967.jpg,Fernando
968.jpg,Fernando
969.jpg,Fernando
97.jpg,Fernando
970.jpg,Fernando
971.jpg,Fernando
972.jpg,Fernando
973.jpg,Fernando
974.jpg,Fernando
975.jpg,Fernando
976.jpg,Fernando
977.jpg,Fernando
978.jpg,Fernando
979.jpg,Fernando
98.jpg,Fernando
980.jpg,Fernando
981.jpg,Fernando
982.jpg,Fernando
983.jpg,Fernando
984.jpg,Fernando
985.jpg,Fernando
986.jpg,Fernando
987.jpg,Fernando
988.jpg,Fernando
989.jpg,Fernando
99.jpg,Fernando
990.jpg,Fernando
991.jpg,Fernando
992.jpg,Fernando
993.jpg,Fernando
994.jpg,Fernando
995.jpg,Fernando
996.jpg,Fernando
997.jpg,Fernando
998.jpg,Fernando
999.jpg,Fernando
